,smiles,MaxEStateIndex,MinEStateIndex,MaxAbsEStateIndex,MinAbsEStateIndex,qed,MolWt,HeavyAtomMolWt,ExactMolWt,NumValenceElectrons,NumRadicalElectrons,MaxPartialCharge,MinPartialCharge,MaxAbsPartialCharge,MinAbsPartialCharge,FpDensityMorgan1,FpDensityMorgan2,FpDensityMorgan3,BCUT2D_MWHI,BCUT2D_MWLOW,BCUT2D_CHGHI,BCUT2D_CHGLO,BCUT2D_LOGPHI,BCUT2D_LOGPLOW,BCUT2D_MRHI,BCUT2D_MRLOW,BalabanJ,BertzCT,Chi0,Chi0n,Chi0v,Chi1,Chi1n,Chi1v,Chi2n,Chi2v,Chi3n,Chi3v,Chi4n,Chi4v,HallKierAlpha,Ipc,Kappa1,Kappa2,Kappa3,LabuteASA,PEOE_VSA1,PEOE_VSA10,PEOE_VSA11,PEOE_VSA12,PEOE_VSA13,PEOE_VSA14,PEOE_VSA2,PEOE_VSA3,PEOE_VSA4,PEOE_VSA5,PEOE_VSA6,PEOE_VSA7,PEOE_VSA8,PEOE_VSA9,SMR_VSA1,SMR_VSA10,SMR_VSA2,SMR_VSA3,SMR_VSA4,SMR_VSA5,SMR_VSA6,SMR_VSA7,SMR_VSA8,SMR_VSA9,SlogP_VSA1,SlogP_VSA10,SlogP_VSA11,SlogP_VSA12,SlogP_VSA2,SlogP_VSA3,SlogP_VSA4,SlogP_VSA5,SlogP_VSA6,SlogP_VSA7,SlogP_VSA8,SlogP_VSA9,TPSA,EState_VSA1,EState_VSA10,EState_VSA11,EState_VSA2,EState_VSA3,EState_VSA4,EState_VSA5,EState_VSA6,EState_VSA7,EState_VSA8,EState_VSA9,VSA_EState1,VSA_EState10,VSA_EState2,VSA_EState3,VSA_EState4,VSA_EState5,VSA_EState6,VSA_EState7,VSA_EState8,VSA_EState9,FractionCSP3,HeavyAtomCount,NHOHCount,NOCount,NumAliphaticCarbocycles,NumAliphaticHeterocycles,NumAliphaticRings,NumAromaticCarbocycles,NumAromaticHeterocycles,NumAromaticRings,NumHAcceptors,NumHDonors,NumHeteroatoms,NumRotatableBonds,NumSaturatedCarbocycles,NumSaturatedHeterocycles,NumSaturatedRings,RingCount,MolLogP,MolMR,fr_Al_COO,fr_Al_OH,fr_Al_OH_noTert,fr_ArN,fr_Ar_COO,fr_Ar_N,fr_Ar_NH,fr_Ar_OH,fr_COO,fr_COO2,fr_C_O,fr_C_O_noCOO,fr_C_S,fr_HOCCN,fr_Imine,fr_NH0,fr_NH1,fr_NH2,fr_N_O,fr_Ndealkylation1,fr_Ndealkylation2,fr_Nhpyrrole,fr_SH,fr_aldehyde,fr_alkyl_carbamate,fr_alkyl_halide,fr_allylic_oxid,fr_amide,fr_amidine,fr_aniline,fr_aryl_methyl,fr_azide,fr_azo,fr_barbitur,fr_benzene,fr_benzodiazepine,fr_bicyclic,fr_diazo,fr_dihydropyridine,fr_epoxide,fr_ester,fr_ether,fr_furan,fr_guanido,fr_halogen,fr_hdrzine,fr_hdrzone,fr_imidazole,fr_imide,fr_isocyan,fr_isothiocyan,fr_ketone,fr_ketone_Topliss,fr_lactam,fr_lactone,fr_methoxy,fr_morpholine,fr_nitrile,fr_nitro,fr_nitro_arom,fr_nitro_arom_nonortho,fr_nitroso,fr_oxazole,fr_oxime,fr_para_hydroxylation,fr_phenol,fr_phenol_noOrthoHbond,fr_phos_acid,fr_phos_ester,fr_piperdine,fr_piperzine,fr_priamide,fr_prisulfonamd,fr_pyridine,fr_quatN,fr_sulfide,fr_sulfonamd,fr_sulfone,fr_term_acetylene,fr_tetrazole,fr_thiazole,fr_thiocyan,fr_thiophene,fr_unbrch_alkane,fr_urea
14,ClC(Cl)Br,4.956790123,-0.409722222,4.956790123,0.409722222,0.48061812,163.829,162.821,161.8638675,26,0,0.161548251,-0.092585792,0.161548251,0.092585792,1.5,1.5,1.5,79.91873699,11.91134285,1.778266665,-1.694273197,2.067723773,-1.527464354,9.101005315,2.058604651,2.323790008,10.7548875,3.577350269,1.711243688,4.809098119,1.732050808,0.654653671,2.44320076,0.24743583,3.31373606,0,0,0,0,1.06,3.245112498,5.06,2.306305419,11.55697401,43.21333109,0,0,3.745537714,0,0,0,0,0,0,0,39.13182368,0,0,0,0,39.13182368,0,0,0,3.745537714,0,0,0,0,0,0,0,39.13182368,3.745537714,0,0,0,0,0,0,0,0,3.745537714,0,0,0,0,0,0,0,0,15.9299439,23.20187978,-0.409722222,12.71527778,0,0,0,0,0,0,0,0,1,4,0,0,0,0,0,0,0,0,0,0,3,0,0,0,0,0,2.1425,24.421,0,0,0,0,0,0,0,0,0,0,0,0,0,0,0,0,0,0,0,0,0,0,0,0,0,3,0,0,0,0,0,0,0,0,0,0,0,0,0,0,0,0,0,0,3,0,0,0,0,0,0,0,0,0,0,0,0,0,0,0,0,0,0,0,0,0,0,0,0,0,0,0,0,0,0,0,0,0,0,0,0,0,0,0,0
20,NCCCCN,5.159027778,0.775,5.159027778,0.775,0.464598963,88.154,76.058,88.10004838,38,0,-0.00768043,-0.330472669,0.330472669,0.00768043,0.833333333,1.166666667,1.333333333,14.54317193,10.31202456,1.748758439,-1.866287199,1.767324744,-2.034687889,4.376846616,0.755028164,2.339092315,17.509775,4.828427125,3.983127663,3.983127663,2.914213562,2.316496581,2.316496581,1.28445705,1.28445705,0.65824829,0.65824829,0.288675135,0.288675135,-0.08,20.98630086,5.92,4.92,3.92,38.51385877,11.46733495,0,0,0,0,0,0,0,0,0,0,25.93115606,0,0,0,0,0,0,11.46733495,12.84164325,13.08951281,0,0,0,11.46733495,0,0,0,13.08951281,0,0,12.84164325,0,0,0,0,52.04,0,0,0,0,0,25.93115606,0,0,0,0,11.46733495,0,0,0,0,10.31805556,0,0,2.131944444,1.55,0,1,6,4,2,0,0,0,0,0,0,2,2,2,3,0,0,0,0,-0.316,27.3428,0,0,0,0,0,0,0,0,0,0,0,0,0,0,0,0,0,2,0,0,0,0,0,0,0,0,0,0,0,0,0,0,0,0,0,0,0,0,0,0,0,0,0,0,0,0,0,0,0,0,0,0,0,0,0,0,0,0,0,0,0,0,0,0,0,0,0,0,0,0,0,0,0,0,0,0,0,0,0,0,0,0,0,1,0
21,OCCCCO,8.08625,0.195,8.08625,0.195,0.469062812,90.122,80.042,90.06807956,38,0,0.043137008,-0.396375038,0.396375038,0.043137008,0.833333333,1.166666667,1.333333333,16.25500966,10.34192939,1.768324594,-1.852909603,1.802227409,-1.849294283,4.300373468,0.242052885,2.339092315,17.509775,4.828427125,3.722854316,3.722854316,2.914213562,2.132455532,2.132455532,1.154320377,1.154320377,0.566227766,0.566227766,0.223606798,0.223606798,-0.08,20.98630086,5.92,4.92,3.92,37.42254488,10.21305479,0,0,0,0,0,0,0,0,0,0,12.84164325,13.21376393,0,10.21305479,0,0,0,0,12.84164325,13.21376393,0,0,0,0,0,0,0,23.42681872,0,0,12.84164325,0,0,0,0,40.46,0,0,0,13.21376393,0,12.84164325,0,0,0,0,10.21305479,0,0,0,16.1725,0,0,0,1.4375,0.39,0,1,6,2,2,0,0,0,0,0,0,2,2,2,3,0,0,0,0,-0.2488,23.4056,0,2,2,0,0,0,0,0,0,0,0,0,0,0,0,0,0,0,0,0,0,0,0,0,0,0,0,0,0,0,0,0,0,0,0,0,0,0,0,0,0,0,0,0,0,0,0,0,0,0,0,0,0,0,0,0,0,0,0,0,0,0,0,0,0,0,0,0,0,0,0,0,0,0,0,0,0,0,0,0,0,0,0,1,0
23,OCC(O)C(O)CO,8.466435185,-1.222222222,8.466435185,0.526064815,0.338933419,122.12,112.04,122.0579088,50,0,0.105123465,-0.393579375,0.393579375,0.105123465,0.875,1.125,1.25,16.36896937,10.22083479,2.116840878,-2.104053455,1.878929959,-2.314989528,4.621336745,-0.038752965,3.292478156,48,6.568914101,4.357768483,4.357768483,3.718744015,2.298683226,2.298683226,1.499843661,1.499843661,0.818269671,0.818269671,0.243352103,0.243352103,-0.16,53.47276361,7.84,3.795331112,2.225724698,47.01101238,20.42610958,12.20793278,0,0,0,0,0,0,0,0,0,0,0,13.21376393,20.42610958,0,0,0,0,12.20793278,13.21376393,0,0,0,0,0,0,0,45.84780628,0,0,0,0,0,0,0,80.92,25.4216967,0,0,0,0,0,0,0,0,0,20.42610958,0,0,0,33.16324074,0,0,0,-2.444444444,-1.05212963,0,1,8,4,4,0,0,0,0,0,0,4,4,4,3,0,0,0,0,-2.3072,26.1852,0,4,4,0,0,0,0,0,0,0,0,0,0,0,0,0,0,0,0,0,0,0,0,0,0,0,0,0,0,0,0,0,0,0,0,0,0,0,0,0,0,0,0,0,0,0,0,0,0,0,0,0,0,0,0,0,0,0,0,0,0,0,0,0,0,0,0,0,0,0,0,0,0,0,0,0,0,0,0,0,0,0,0,0,0
27,CCC(C)O,8.361111111,-0.115740741,8.361111111,0.115740741,0.486927429,74.123,64.043,74.07316494,32,0,0.050903904,-0.393430087,0.393430087,0.050903904,1.8,2,2,16.26458483,10.32638817,1.812132088,-1.900915745,1.811751015,-1.926645189,4.338386967,0.190544205,2.539538861,17.60964047,4.28445705,3.731670646,3.731670646,2.27005561,1.950904231,1.950904231,1.257269657,1.257269657,0.590822476,0.590822476,0,0,-0.04,9.651484454,4.96,2.212525253,3.96,32.62831112,5.106527395,0,0,0,0,0,0,0,0,0,6.9237372,13.34455882,0,6.103966388,5.106527395,0,0,0,0,26.37226241,0,0,0,0,0,0,0,0,11.21049378,0,0,20.26829602,0,0,0,0,20.23,0,0,0,6.103966388,0,6.420821623,0,6.9237372,6.9237372,0,5.106527395,0,0,0,8.361111111,0,0,0,0.74537037,3.726851852,0,1,5,1,1,0,0,0,0,0,0,1,1,1,1,0,0,0,0,0.7772,21.9718,0,1,1,0,0,0,0,0,0,0,0,0,0,0,0,0,0,0,0,0,0,0,0,0,0,0,0,0,0,0,0,0,0,0,0,0,0,0,0,0,0,0,0,0,0,0,0,0,0,0,0,0,0,0,0,0,0,0,0,0,0,0,0,0,0,0,0,0,0,0,0,0,0,0,0,0,0,0,0,0,0,0,0,0,0
28,CCC(C)=O,9.8125,0.25462963,9.8125,0.25462963,0.451050805,72.107,64.043,72.05751488,30,0,0.129065033,-0.300042385,0.300042385,0.129065033,1.8,2,2,16.13711378,10.36069991,1.764361948,-1.711045177,1.710825151,-1.797011934,5.744224711,-0.116198589,2.847378923,38.91260938,4.28445705,3.615355072,3.615355072,2.27005561,1.764784317,1.764784317,1.055568494,1.055568494,0.497890958,0.497890958,0,0,-0.33,9.651484454,4.67,1.942479564,3.67,31.99559947,4.794537184,5.783244946,0,0,0,0,0,0,0,0,6.9237372,6.9237372,6.420821623,0,4.794537184,5.783244946,0,0,0,20.26829602,0,0,0,0,0,0,0,0,5.783244946,4.794537184,0,20.26829602,0,0,0,0,17.07,0,4.794537184,0,5.783244946,6.420821623,0,0,6.9237372,6.9237372,0,0,0,0,9.8125,0,0,0.25462963,0,0.666666667,3.43287037,0,0.75,5,0,1,0,0,0,0,0,0,1,0,1,1,0,0,0,0,0.9854,20.972,0,0,0,0,0,0,0,0,0,0,1,1,0,0,0,0,0,0,0,0,0,0,0,0,0,0,0,0,0,0,0,0,0,0,0,0,0,0,0,0,0,0,0,0,0,0,0,0,0,0,0,1,1,0,0,0,0,0,0,0,0,0,0,0,0,0,0,0,0,0,0,0,0,0,0,0,0,0,0,0,0,0,0,0,0
32,CCC(C)OC(C)=O,10.19083333,-0.195046296,10.19083333,0.076388889,0.508859154,116.16,104.064,116.0837296,48,0,0.302389049,-0.46287245,0.46287245,0.302389049,1.75,2.25,2.375,16.54123532,10.31179294,1.985311577,-2.061122888,1.938929103,-2.094276686,5.655775764,-0.145027161,3.236426783,78.59772061,6.568914101,5.600953631,5.600953631,3.66390246,2.836655892,2.836655892,1.828298262,1.828298262,0.942063073,0.942063073,0.36665101,0.36665101,-0.53,42.84459141,7.47,3.469267037,3.652815356,49.83902893,4.736862954,0,0,0,0,5.969305288,4.794537184,0,0,0,6.9237372,13.34455882,6.9237372,6.103966388,9.531400138,5.969305288,0,0,0,33.29599961,0,0,0,0,0,0,0,0,12.07327168,9.531400138,0,27.19203322,0,0,0,0,26.3,0,4.794537184,0,12.07327168,0,6.420821623,6.9237372,0,13.8474744,0,4.736862954,4.760416667,0,10.19083333,0,0,-0.195046296,0,0.964861111,5.278935185,0,0.833333333,8,0,2,0,0,0,0,0,0,2,0,2,2,0,0,0,0,1.348,31.519,0,0,0,0,0,0,0,0,0,0,1,1,0,0,0,0,0,0,0,0,0,0,0,0,0,0,0,0,0,0,0,0,0,0,0,0,0,0,0,0,1,1,0,0,0,0,0,0,0,0,0,0,0,0,0,0,0,0,0,0,0,0,0,0,0,0,0,0,0,0,0,0,0,0,0,0,0,0,0,0,0,0,0,0,0
33,CC(=O)OC(C)(C)C,10.23715278,-0.327546296,10.23715278,0.224537037,0.446385432,116.16,104.064,116.0837296,48,0,0.302646116,-0.46015067,0.46015067,0.302646116,1.375,1.75,1.75,16.55147841,10.17713724,2.112000639,-2.168894578,2.050470458,-2.212515096,5.65907278,-0.151403807,3.551252924,89.19188266,6.78445705,5.816496581,5.816496581,3.416502219,2.612372436,2.612372436,2.706016132,2.706016132,0.449914957,0.449914957,0.431186218,0.431186218,-0.53,23.0053905,7.47,2.158633812,5.47,49.83902893,4.736862954,5.601050811,0,0,0,5.969305288,4.794537184,0,0,0,0,20.7712116,6.9237372,0,9.531400138,5.969305288,0,0,0,33.29599961,0,0,0,0,0,0,0,0,11.5703561,9.531400138,0,27.6949488,0,0,0,0,26.3,0,4.794537184,0,11.5703561,0,0,6.9237372,0,20.7712116,0,4.736862954,4.798611111,0,10.23715278,0,-0.327546296,-0.224537037,0,0,6.932986111,0,0.833333333,8,0,2,0,0,0,0,0,0,2,0,2,0,0,0,0,0,1.348,31.519,0,0,0,0,0,0,0,0,0,0,1,1,0,0,0,0,0,0,0,0,0,0,0,0,0,0,0,0,0,0,0,0,0,0,0,0,0,0,0,0,1,1,0,0,0,0,0,0,0,0,0,0,0,0,0,0,0,0,0,0,0,0,0,0,0,0,0,0,0,0,0,0,0,0,0,0,0,0,0,0,0,0,0,0,0
35,CCC(C)N,5.291666667,0.384259259,5.291666667,0.384259259,0.486540067,73.139,62.051,73.08914935,32,0,0.000780537,-0.32799795,0.32799795,0.000780537,1.8,2,2,14.58649798,10.28820324,1.791892011,-1.914194524,1.767400543,-2.112308601,4.427525784,0.714592479,2.539538861,17.60964047,4.28445705,3.86180732,3.86180732,2.27005561,2.026038674,2.026038674,1.385532175,1.385532175,0.643950551,0.643950551,0,0,-0.04,9.651484454,4.96,2.212525253,3.96,33.17396807,5.733667477,0,0,0,0,0,0,0,0,0,6.9237372,13.34455882,6.041840829,0,0,0,0,0,5.733667477,26.31013685,0,0,0,0,5.733667477,0,0,0,6.041840829,0,0,20.26829602,0,0,0,0,26.02,0,0,0,0,6.041840829,6.420821623,0,0,6.9237372,6.9237372,5.733667477,0,0,0,0,5.291666667,0,0.384259259,1.083333333,4.074074074,0,1,5,2,1,0,0,0,0,0,0,1,1,1,1,0,0,0,0,0.7436,23.9404,0,0,0,0,0,0,0,0,0,0,0,0,0,0,0,0,0,1,0,0,0,0,0,0,0,0,0,0,0,0,0,0,0,0,0,0,0,0,0,0,0,0,0,0,0,0,0,0,0,0,0,0,0,0,0,0,0,0,0,0,0,0,0,0,0,0,0,0,0,0,0,0,0,0,0,0,0,0,0,0,0,0,0,0,0
36,CC(C)(C)N,5.354166667,0,5.354166667,0,0.449469808,73.139,62.051,73.08914935,32,0,0.006857357,-0.325816088,0.325816088,0.006857357,1.2,1.2,1.2,14.66511263,10.14598723,1.95045176,-2.058722205,1.875871289,-2.258026974,4.595679201,0.579944103,3.023715784,19.11941548,4.5,4.077350269,4.077350269,2,1.788675135,1.788675135,2.366025404,2.366025404,0,0,0,0,-0.04,3.609640474,4.96,0.976756002,9507.96,33.17396807,5.733667477,0,0,0,0,0,0,0,0,0,0,20.7712116,5.538925252,0,0,0,0,0,5.733667477,26.31013685,0,0,0,0,5.733667477,0,0,0,5.538925252,0,0,20.7712116,0,0,0,0,26.02,0,0,0,5.538925252,0,0,0,0,20.7712116,0,5.733667477,0,0,0,0,5.354166667,0,0,0,5.895833333,0,1,5,2,1,0,0,0,0,0,0,1,1,1,0,0,0,0,0,0.7436,23.9404,0,0,0,0,0,0,0,0,0,0,0,0,0,0,0,0,0,1,0,0,0,0,0,0,0,0,0,0,0,0,0,0,0,0,0,0,0,0,0,0,0,0,0,0,0,0,0,0,0,0,0,0,0,0,0,0,0,0,0,0,0,0,0,0,0,0,0,0,0,0,0,0,0,0,0,0,0,0,0,0,0,0,0,0,0
38,CCCCOC(=O)CCC,10.69565193,-0.059305556,10.69565193,0.059305556,0.436173811,144.214,128.086,144.1150298,60,0,0.305266894,-0.465675318,0.465675318,0.305266894,1.3,2,2.5,16.53233572,10.32294689,1.972789323,-2.002092794,1.932597327,-2.038310246,5.68628872,-0.143278955,3.052375189,89.25838097,7.819990956,6.852030487,6.852030487,4.808060412,3.964690378,3.964690378,2.324023571,2.324023571,1.215064813,1.215064813,0.60663473,0.60663473,-0.53,149.4535581,9.47,6.588063754,5.603868809,62.56891316,4.736862954,0,0,0,0,5.969305288,4.794537184,0,0,0,20.26829602,12.84164325,6.420821623,6.606881965,9.531400138,5.969305288,0,0,0,39.53076089,6.606881965,0,0,0,0,0,0,0,12.57618725,9.531400138,0,39.53076089,0,0,0,0,26.3,0,4.794537184,0,5.969305288,13.02770359,19.26246487,0,0,6.9237372,6.9237372,4.736862954,4.883888889,0,10.69565193,0,0,-0.059305556,0,3.503503874,4.642927532,0,0.875,10,0,2,0,0,0,0,0,0,2,0,2,5,0,0,0,0,2.1298,40.775,0,0,0,0,0,0,0,0,0,0,1,1,0,0,0,0,0,0,0,0,0,0,0,0,0,0,0,0,0,0,0,0,0,0,0,0,0,0,0,0,1,1,0,0,0,0,0,0,0,0,0,0,0,0,0,0,0,0,0,0,0,0,0,0,0,0,0,0,0,0,0,0,0,0,0,0,0,0,0,0,0,0,0,1,0
39,CCCCOCC,5.073888889,0.861111111,5.073888889,0.861111111,0.491869888,102.177,88.065,102.1044651,44,0,0.046529105,-0.381739325,0.381739325,0.046529105,1.285714286,2,2.428571429,16.47216962,10.36020091,1.780748403,-1.942492643,1.850536264,-1.903076031,4.279083604,0.144246933,2.447472888,23.3609904,5.535533906,5.236675415,5.236675415,3.414213562,2.991563832,2.991563832,1.550476816,1.550476816,0.84635267,0.84635267,0.390737207,0.390737207,-0.04,35.50960993,6.96,5.96,5.96,45.67750683,4.736862954,0,0,0,0,0,0,0,0,0,13.34455882,13.34455882,13.21376393,0,4.736862954,0,0,0,0,26.68911765,13.21376393,0,0,0,0,0,0,0,13.21376393,4.736862954,0,26.68911765,0,0,0,0,9.23,0,0,0,0,0,13.21376393,12.84164325,0,6.9237372,6.9237372,4.736862954,5.073888889,0,0,0,0,0,0,2.438333333,5.987777778,0,1,7,0,1,0,0,0,0,0,0,1,0,1,4,0,0,0,0,1.823,31.401,0,0,0,0,0,0,0,0,0,0,0,0,0,0,0,0,0,0,0,0,0,0,0,0,0,0,0,0,0,0,0,0,0,0,0,0,0,0,0,0,0,1,0,0,0,0,0,0,0,0,0,0,0,0,0,0,0,0,0,0,0,0,0,0,0,0,0,0,0,0,0,0,0,0,0,0,0,0,0,0,0,0,0,2,0
40,CCOC(C)(C)C,5.229166667,0.050347222,5.229166667,0.050347222,0.490414127,102.177,88.065,102.1044651,44,0,0.059787007,-0.376153336,0.376153336,0.059787007,1.285714286,1.714285714,1.714285714,16.49635711,10.17823949,2.058311212,-2.166812141,2.039907187,-2.178044032,4.561036144,0.005316827,3.154490065,42.63193445,5.914213562,5.615355072,5.615355072,3.060660172,2.699906061,2.699906061,2.545385138,2.545385138,0.577350269,0.577350269,0.433012702,0.433012702,-0.04,18.14170945,6.96,2.31410722,5.96,45.67750683,4.736862954,0,0,0,0,0,0,0,0,0,0,27.6949488,6.606881965,5.601050811,4.736862954,0,0,0,0,33.29599961,6.606881965,0,0,0,0,0,0,0,12.20793278,4.736862954,0,27.6949488,0,0,0,0,9.23,0,0,0,5.601050811,0,6.606881965,0,0,6.9237372,20.7712116,4.736862954,5.229166667,0,0,0,0.050347222,0,0,0,8.970486111,0,1,7,0,1,0,0,0,0,0,0,1,0,1,1,0,0,0,0,1.8214,31.379,0,0,0,0,0,0,0,0,0,0,0,0,0,0,0,0,0,0,0,0,0,0,0,0,0,0,0,0,0,0,0,0,0,0,0,0,0,0,0,0,0,1,0,0,0,0,0,0,0,0,0,0,0,0,0,0,0,0,0,0,0,0,0,0,0,0,0,0,0,0,0,0,0,0,0,0,0,0,0,0,0,0,0,0,0
42,CCCCOC(=O)CC,10.46440193,-0.094027778,10.46440193,0.094027778,0.427719741,130.187,116.075,130.0993797,54,0,0.304996408,-0.465682715,0.465682715,0.304996408,1.444444444,2.111111111,2.555555556,16.53227802,10.35402143,1.940393388,-1.986554551,1.895406793,-2.024506586,5.682654634,-0.142841444,2.973062408,78.98533617,7.112884175,6.144923706,6.144923706,4.308060412,3.464690378,3.464690378,1.927576962,1.927576962,1.049615803,1.049615803,0.432403874,0.432403874,-0.53,94.26737929,8.47,5.603868809,5.339329135,56.20397104,4.736862954,0,0,0,0,5.969305288,4.794537184,0,0,0,20.26829602,6.420821623,6.420821623,6.606881965,9.531400138,5.969305288,0,0,0,33.10993927,6.606881965,0,0,0,0,0,0,0,12.57618725,9.531400138,0,33.10993927,0,0,0,0,26.3,0,4.794537184,0,5.969305288,13.02770359,12.84164325,0,6.9237372,0,6.9237372,4.736862954,4.792638889,0,10.46440193,0,0,-0.094027778,0,2.548064059,4.455589569,0,0.857142857,9,0,2,0,0,0,0,0,0,2,0,2,4,0,0,0,0,1.7397,36.158,0,0,0,0,0,0,0,0,0,0,1,1,0,0,0,0,0,0,0,0,0,0,0,0,0,0,0,0,0,0,0,0,0,0,0,0,0,0,0,0,1,1,0,0,0,0,0,0,0,0,0,0,0,0,0,0,0,0,0,0,0,0,0,0,0,0,0,0,0,0,0,0,0,0,0,0,0,0,0,0,0,0,0,1,0
47,CCC(C)Cl,5.462191358,0.356481481,5.462191358,0.356481481,0.434375602,92.569,83.497,92.03927797,32,0,0.030476536,-0.12332142,0.12332142,0.030476536,1.8,2,2,35.49574354,10.37900381,1.82718749,-1.87093679,1.948459717,-1.809259945,6.197823105,0.895165382,2.539538861,17.60964047,4.28445705,3.662421523,4.418350469,2.27005561,1.910923231,2.347359012,1.189017821,1.934060302,0.56255164,0.87115834,0,0,0.29,9.651484454,5.29,2.523100233,4.29,38.1373436,0,0,0,0,0,0,0,0,0,11.60093989,6.9237372,13.34455882,5.377087868,0,0,11.60093989,0,0,0,25.64538389,0,0,0,0,0,0,0,11.60093989,5.377087868,0,0,20.26829602,0,0,0,0,0,0,0,0,0,5.377087868,6.420821623,0,0,6.9237372,6.9237372,11.60093989,0,5.462191358,0,0.356481481,0,0,0,1.070987654,4.054783951,0,1,5,0,0,0,0,0,0,0,0,0,0,1,1,0,0,0,0,2.0237,25.606,0,0,0,0,0,0,0,0,0,0,0,0,0,0,0,0,0,0,0,0,0,0,0,0,0,1,0,0,0,0,0,0,0,0,0,0,0,0,0,0,0,0,0,0,1,0,0,0,0,0,0,0,0,0,0,0,0,0,0,0,0,0,0,0,0,0,0,0,0,0,0,0,0,0,0,0,0,0,0,0,0,0,0,0,0
48,ClC(Br)Br,5.108024691,-0.069444444,5.108024691,0.069444444,0.535800743,208.28,207.272,205.8133519,26,0,0.142873539,-0.097746386,0.142873539,0.097746386,1.5,1.5,1.5,79.93445603,11.93904806,1.772023171,-1.698787816,2.100645523,-1.508504899,9.249521302,2.164359006,2.323790008,10.7548875,3.577350269,1.711243688,5.639165712,1.732050808,0.654653671,2.922440509,0.24743583,4.798351038,0,0,0,0,1.25,3.245112498,5.25,2.485294118,10.53,46.77761247,0,3.195623916,0,0,0,0,0,0,0,0,43.46082769,0,0,0,0,43.46082769,0,0,0,3.195623916,0,0,0,0,0,0,0,43.46082769,3.195623916,0,0,0,0,0,0,0,0,0,0,0,3.195623916,0,0,0,0,0,31.8598878,11.60093989,-0.069444444,11.01388889,0,0,0,0,0,0,0,0,1,4,0,0,0,0,0,0,0,0,0,0,3,0,0,0,0,0,2.2986,27.495,0,0,0,0,0,0,0,0,0,0,0,0,0,0,0,0,0,0,0,0,0,0,0,0,0,3,0,0,0,0,0,0,0,0,0,0,0,0,0,0,0,0,0,0,3,0,0,0,0,0,0,0,0,0,0,0,0,0,0,0,0,0,0,0,0,0,0,0,0,0,0,0,0,0,0,0,0,0,0,0,0,0,0,0,0
50,FC(F)OC(Cl)C(F)(F)F,11.21921296,-4.946442901,11.21921296,2.921682099,0.472871295,184.491,182.475,183.9714335,62,0,0.428429501,-0.293544238,0.428429501,0.293544238,1.2,1.6,1.7,35.495762,10.69538361,2.405000514,-2.121452871,2.263937846,-2.273934137,6.197367619,-0.245593139,3.734823721,101.5564106,8.36180732,4.330735667,5.086664613,4.337222523,1.981680036,2.418115816,1.25439524,1.650787292,0.479693267,0.829997997,0.167466915,0.245228494,-0.1,76.9035911,9.9,3.337834265,3.837557392,57.71362373,0,0,0,5.56314821,0,12.7878036,4.736862954,0,21.95207524,0,11.60093989,0,0,0,26.68893819,11.60093989,0,0,0,18.35095181,0,0,0,0,0,21.95207524,0,11.60093989,18.35095181,4.736862954,0,0,0,0,0,0,9.23,18.35095181,21.95207524,0,0,0,0,0,0,0,16.33780284,0,58.59709877,4.324691358,0,0,-2.9375,0,0,-4.946442901,-3.510069444,0,1,10,0,1,0,0,0,0,0,0,1,0,7,2,0,0,0,0,2.3528,22.785,0,0,0,0,0,0,0,0,0,0,0,0,0,0,0,0,0,0,0,0,0,0,0,0,0,6,0,0,0,0,0,0,0,0,0,0,0,0,0,0,0,1,0,0,6,0,0,0,0,0,0,0,0,0,0,0,0,0,0,0,0,0,0,0,0,0,0,0,0,0,0,0,0,0,0,0,0,0,0,0,0,0,0,0,0
61,Cc1cccc(Cl)c1,5.644969136,0.810185185,5.644969136,0.810185185,0.501501666,126.586,119.53,126.0236279,42,0,0.040812331,-0.084334053,0.084334053,0.040812331,1.375,2.125,2.5,35.49569071,10.2404346,1.823963814,-1.882581265,2.078528718,-1.664198533,6.301346061,1.474987632,3.077660438,164.2466295,5.983127663,4.68736555,5.443294496,3.7876937,2.510349442,2.888313915,1.799022483,2.235458264,0.980119631,1.215216734,0.605540739,0.85038306,-0.49,64.0524865,5.643155792,2.185360819,1.239206403,54.09961146,0,0,0,0,0,0,0,0,0,0,23.73367403,24.61992283,5.022633314,0,0,11.60093989,0,0,0,6.9237372,0,34.85155308,0,0,0,0,0,11.60093989,0,0,6.9237372,5.563451492,24.26546827,5.022633314,0,0,0,0,0,0,0,0,5.022633314,5.563451492,0,31.18920547,0,11.60093989,0,5.644969136,0,0.810185185,1.206018519,0,7.763549383,0,2.019722222,0,0.142857143,8,0,0,0,0,0,1,0,1,0,0,1,0,0,0,0,1,2.64842,36.189,0,0,0,0,0,0,0,0,0,0,0,0,0,0,0,0,0,0,0,0,0,0,0,0,0,0,0,0,0,0,1,0,0,0,1,0,0,0,0,0,0,0,0,0,1,0,0,0,0,0,0,0,0,0,0,0,0,0,0,0,0,0,0,0,0,0,0,0,0,0,0,0,0,0,0,0,0,0,0,0,0,0,0,0,0
62,Cc1ccc(Cl)cc1,5.611666667,0.801481481,5.611666667,0.801481481,0.501501666,126.586,119.53,126.0236279,42,0,0.040567993,-0.084344136,0.084344136,0.040567993,1.125,1.625,2,35.49569071,10.24103222,1.813869916,-1.876510293,2.069310578,-1.658691065,6.300756284,1.475098526,3.032455532,143.2466295,5.983127663,4.68736555,5.443294496,3.7876937,2.510349442,2.888313915,1.795568159,2.23200394,1.010888337,1.262864652,0.533221946,0.659210104,-0.49,70.79892376,5.643155792,2.185360819,1.239206403,54.09961146,0,0,0,0,0,0,0,0,0,0,29.29712552,19.05647134,5.022633314,0,0,11.60093989,0,0,0,6.9237372,0,34.85155308,0,0,0,0,0,11.60093989,0,0,6.9237372,5.563451492,24.26546827,5.022633314,0,0,0,0,0,0,0,0,5.022633314,5.563451492,0,31.18920547,0,11.60093989,0,5.611666667,0,0.801481481,1.244814815,0,7.74845679,0,2.038024691,0,0.142857143,8,0,0,0,0,0,1,0,1,0,0,1,0,0,0,0,1,2.64842,36.189,0,0,0,0,0,0,0,0,0,0,0,0,0,0,0,0,0,0,0,0,0,0,0,0,0,0,0,0,0,0,1,0,0,0,1,0,0,0,0,0,0,0,0,0,1,0,0,0,0,0,0,0,0,0,0,0,0,0,0,0,0,0,0,0,0,0,0,0,0,0,0,0,0,0,0,0,0,0,0,0,0,0,0,0,0
68,OC1CCCCC1O,8.927685185,-0.440972222,8.927685185,0.440972222,0.477030125,116.16,104.064,116.0837296,48,0,0.079866078,-0.390436635,0.390436635,0.079866078,0.875,1.25,1.5,16.32721442,9.951742602,2.187695061,-2.215628118,2.168403253,-2.283505102,4.715604466,-0.008648109,2.279400271,62.92878689,5.983127663,4.877554854,4.877554854,3.804530453,3.166227694,3.166227694,2.41915234,2.41915234,1.693932358,1.693932358,1.09172504,1.09172504,-0.08,72.49526583,6.046262626,2.464484912,1.20172926,49.14659795,10.21305479,0,0,0,0,0,0,0,0,0,12.84164325,12.84164325,0,12.20793278,10.21305479,0,0,0,0,37.89121927,0,0,0,0,0,0,0,0,22.42098757,0,0,25.68328649,0,0,0,0,40.46,12.20793278,0,0,0,0,25.68328649,0,0,0,0,10.21305479,0,0,0,17.85537037,0,0,0,2.811296296,0,0,1,8,2,2,1,0,1,0,0,0,2,2,2,0,1,0,1,1,0.2822,30.4816,0,2,2,0,0,0,0,0,0,0,0,0,0,0,0,0,0,0,0,0,0,0,0,0,0,0,0,0,0,0,0,0,0,0,0,0,0,0,0,0,0,0,0,0,0,0,0,0,0,0,0,0,0,0,0,0,0,0,0,0,0,0,0,0,0,0,0,0,0,0,0,0,0,0,0,0,0,0,0,0,0,0,0,0,0
72,C1CCCCCCC1,1.5,1.5,1.5,1.5,0.451375525,112.216,96.088,112.1252005,48,0,-0.053305973,-0.053305973,0.053305973,0.053305973,0.25,0.375,0.5,14.016,10.012,1.951694027,-2.052305973,2.1491,-1.8549,4.508,0.504,2,24,5.656854249,5.656854249,5.656854249,4,4,4,2.828427125,2.828427125,2,2,1.414213562,1.414213562,0,72.69482744,6.125,3.9375,2.34375,52.28801468,0,0,0,0,0,0,0,0,0,0,51.36657298,0,0,0,0,0,0,0,0,51.36657298,0,0,0,0,0,0,0,0,0,0,0,51.36657298,0,0,0,0,0,0,0,0,0,0,0,51.36657298,0,0,0,0,0,0,0,0,0,0,0,12,0,0,1,8,0,0,1,0,1,0,0,0,0,0,0,0,1,0,1,1,3.1208,36.936,0,0,0,0,0,0,0,0,0,0,0,0,0,0,0,0,0,0,0,0,0,0,0,0,0,0,0,0,0,0,0,0,0,0,0,0,0,0,0,0,0,0,0,0,0,0,0,0,0,0,0,0,0,0,0,0,0,0,0,0,0,0,0,0,0,0,0,0,0,0,0,0,0,0,0,0,0,0,0,0,0,0,0,0,0
73,C1CCC\C=C/CC1,2.318611111,1.319444444,2.318611111,1.319444444,0.420486653,110.2,96.088,110.1095504,46,0,-0.035073466,-0.088539282,0.088539282,0.035073466,0.625,1.125,1.625,13.95866985,10.06916772,1.894509832,-1.995277921,2.093437384,-1.79610592,4.821836906,0.637740379,2.172380198,62.10749561,5.656854249,5.397341225,5.397341225,4,3.649829914,3.649829914,2.462968352,2.462968352,1.65824829,1.65824829,1.113633046,1.113633046,-0.26,72.69482744,5.869198966,3.70682224,2.152715582,51.59841164,0,0,0,0,0,0,0,0,0,0,24.99368346,25.68328649,0,0,0,0,0,0,0,38.52492974,0,12.15204021,0,0,0,0,0,0,0,0,0,38.52492974,12.15204021,0,0,0,0,0,0,0,0,0,0,38.52492974,0,0,12.15204021,0,0,0,0,0,0,0,0,13,0,0,0.75,8,0,0,1,0,1,0,0,0,0,0,0,0,0,0,0,1,2.8968,36.842,0,0,0,0,0,0,0,0,0,0,0,0,0,0,0,0,0,0,0,0,0,0,0,0,0,0,2,0,0,0,0,0,0,0,0,0,0,0,0,0,0,0,0,0,0,0,0,0,0,0,0,0,0,0,0,0,0,0,0,0,0,0,0,0,0,0,0,0,0,0,0,0,0,0,0,0,0,0,0,0,0,0,0,0,0
84,Clc1cccc(c2ccccc2)c1Cl,6.09579995,0.590759007,6.09579995,0.590759007,0.658951175,223.102,215.038,222.0003056,70,0,0.067013395,-0.082689258,0.082689258,0.067013395,0.714285714,1.428571429,2.142857143,35.49826114,10.06409431,2.045388646,-2.044416303,2.323895546,-1.786840582,6.432513122,1.616695102,2.580077826,435.3296467,9.966255326,7.3747311,8.886588992,6.7876937,4.282665011,5.038593957,2.967403829,3.752568428,2.036389387,2.855291957,1.344457756,1.754094188,-0.98,2171.559307,9.57026343,4.035028732,1.767430832,93.09502978,0,0,0,0,0,0,0,0,0,0,65.66644926,11.62981856,5.563451492,10.04526663,0,23.20187978,0,0,0,0,0,58.57620318,0,11.12690298,0,0,0,23.20187978,0,0,0,0,48.53093655,10.04526663,11.12690298,0,0,0,0,0,0,10.04526663,11.12690298,0,6.066367068,42.46456948,0,23.20187978,0,12.02757732,0,1.202209625,2.055339506,0,15.60376244,0,0,0,0,14,0,0,0,0,0,2,0,2,0,0,2,1,0,0,0,2,4.6604,61.898,0,0,0,0,0,0,0,0,0,0,0,0,0,0,0,0,0,0,0,0,0,0,0,0,0,0,0,0,0,0,0,0,0,0,2,0,0,0,0,0,0,0,0,0,2,0,0,0,0,0,0,0,0,0,0,0,0,0,0,0,0,0,0,0,0,0,0,0,0,0,0,0,0,0,0,0,0,0,0,0,0,0,0,0,0
85,Clc1ccc(c(Cl)c1)c2ccccc2,6.079596246,0.66174178,6.079596246,0.66174178,0.658951175,223.102,215.038,222.0003056,70,0,0.049869942,-0.084288156,0.084288156,0.049869942,0.785714286,1.5,2.142857143,35.49683472,10.06453599,2.019537324,-2.03501288,2.292314328,-1.779022484,6.359598954,1.616879189,2.527804032,435.3296467,9.966255326,7.3747311,8.886588992,6.770856948,4.276681947,5.032610893,2.990193627,3.833829534,2.015925637,2.563731748,1.341300714,1.858903588,-0.98,2039.484126,9.57026343,4.035028732,1.917657448,93.09502978,0,0,0,0,0,0,0,0,0,0,59.60008219,17.69618563,15.60871812,0,0,23.20187978,0,0,0,0,0,58.57620318,0,11.12690298,0,0,0,23.20187978,0,0,0,0,48.53093655,10.04526663,11.12690298,0,0,0,0,0,0,10.04526663,11.12690298,0,6.066367068,42.46456948,0,23.20187978,0,11.89955863,0,1.345723262,2.116512346,0,15.52709465,0,0,0,0,14,0,0,0,0,0,2,0,2,0,0,2,1,0,0,0,2,4.6604,61.898,0,0,0,0,0,0,0,0,0,0,0,0,0,0,0,0,0,0,0,0,0,0,0,0,0,0,0,0,0,0,0,0,0,0,2,0,0,0,0,0,0,0,0,0,2,0,0,0,0,0,0,0,0,0,0,0,0,0,0,0,0,0,0,0,0,0,0,0,0,0,0,0,0,0,0,0,0,0,0,0,0,0,0,0,0
87,Clc1ccc(cc1)c2ccccc2Cl,6.065565634,0.736855159,6.065565634,0.736855159,0.658951175,223.102,215.038,222.0003056,70,0,0.048388701,-0.084343739,0.084343739,0.048388701,0.714285714,1.357142857,2,35.49678328,10.06457648,2.005372767,-2.029688802,2.275325733,-1.774563063,6.330879925,1.616906666,2.498254963,432.3296467,9.966255326,7.3747311,8.886588992,6.770856948,4.276681947,5.032610893,2.986739303,3.83037521,2.029083333,2.610647869,1.32476692,1.695597398,-0.98,2070.587591,9.57026343,4.035028732,1.917657448,93.09502978,0,0,0,0,0,0,0,0,0,0,53.53371512,23.7625527,15.60871812,0,0,23.20187978,0,0,0,0,0,58.57620318,0,11.12690298,0,0,0,23.20187978,0,0,0,0,48.53093655,10.04526663,11.12690298,0,0,0,0,0,0,0,21.17216961,0,0,48.53093655,0,23.20187978,0,11.8714974,0,1.495950019,2.116512346,0,15.40492912,0,0,0,0,14,0,0,0,0,0,2,0,2,0,0,2,1,0,0,0,2,4.6604,61.898,0,0,0,0,0,0,0,0,0,0,0,0,0,0,0,0,0,0,0,0,0,0,0,0,0,0,0,0,0,0,0,0,0,0,2,0,0,0,0,0,0,0,0,0,2,0,0,0,0,0,0,0,0,0,0,0,0,0,0,0,0,0,0,0,0,0,0,0,0,0,0,0,0,0,0,0,0,0,0,0,0,0,0,0,0
88,FC(F)(Cl)Cl,10.55169753,-3.555555556,10.55169753,3.555555556,0.429674059,120.913,120.913,119.9345118,32,0,0.400812722,-0.17153414,0.400812722,0.17153414,1.2,1.2,1.2,35.53946343,11.65469005,2.168229215,-1.865257708,2.218902342,-1.862732577,6.452046742,0.193824153,3.023715784,23.11941548,4.5,2.011857892,3.523715784,2,0.755928946,1.511857892,0.428571429,1.571428571,0,0,0,0,0.44,3.609640474,5.44,1.266858532,136.5391736,37.67685429,0,0,0,0,0,4.840892812,0,0,8.780830095,0,0,23.20187978,0,0,8.780830095,23.20187978,0,0,0,4.840892812,0,0,0,0,0,8.780830095,0,23.20187978,4.840892812,0,0,0,0,0,0,0,0,4.840892812,8.780830095,0,0,0,0,0,0,0,23.20187978,0,21.10339506,7.924382716,-3.555555556,0,0,0,0,0,0,0,1,5,0,0,0,0,0,0,0,0,0,0,4,0,0,0,0,0,2.0143,16.653,0,0,0,0,0,0,0,0,0,0,0,0,0,0,0,0,0,0,0,0,0,0,0,0,0,4,0,0,0,0,0,0,0,0,0,0,0,0,0,0,0,0,0,0,4,0,0,0,0,0,0,0,0,0,0,0,0,0,0,0,0,0,0,0,0,0,0,0,0,0,0,0,0,0,0,0,0,0,0,0,0,0,0,0,0
96,CC(Cl)CCl,5.330246914,0.12191358,5.330246914,0.12191358,0.454926629,112.987,106.939,111.9846556,32,0,0.044279224,-0.125125114,0.125125114,0.044279224,1.8,2,2,35.49860444,10.56703335,1.849214983,-1.850452077,1.926639472,-1.872033391,6.273287096,1.107900143,2.539538861,18.85475297,4.28445705,3.040385996,4.552243888,2.27005561,1.471077692,2.442035956,0.935072881,1.988722061,0.212624534,0.987800709,0,0,0.58,9.651484454,5.58,2.798340611,4.58,42.07566771,0,0,0,0,0,0,0,0,0,23.20187978,0,6.9237372,11.25709131,0,0,23.20187978,0,0,0,12.30082507,5.880003445,0,0,0,0,0,0,23.20187978,11.25709131,0,0,6.9237372,0,0,0,0,0,0,0,0,5.377087868,5.880003445,0,0,0,6.9237372,0,23.20187978,0,10.53472222,0,0.12191358,0,0.543209877,0,0,1.855709877,0,1,5,0,0,0,0,0,0,0,0,0,0,2,1,0,0,0,0,1.8525,26.035,0,0,0,0,0,0,0,0,0,0,0,0,0,0,0,0,0,0,0,0,0,0,0,0,0,2,0,0,0,0,0,0,0,0,0,0,0,0,0,0,0,0,0,0,2,0,0,0,0,0,0,0,0,0,0,0,0,0,0,0,0,0,0,0,0,0,0,0,0,0,0,0,0,0,0,0,0,0,0,0,0,0,0,0,0
98,FC(F)(Cl)C(F)(F)Cl,11.11265432,-4.658179012,11.11265432,3.793981481,0.419713245,170.92,170.92,169.9313182,50,0,0.398317306,-0.179461898,0.398317306,0.179461898,0.75,0.875,0.875,35.4988217,10.7292132,2.53003516,-2.114722506,2.398479482,-2.28055955,6.311226154,-0.095989488,4.020391543,67.01955001,7,3.267786838,4.77964473,3.25,1.383893419,2.139822365,0.995518138,1.944911183,0.321428571,0.892857143,0,0,0.3,21.30605883,8.3,1.915110054,2.046097815,52.37286721,0,0,0,0,0,10.76342198,0,0,17.56166019,0,0,23.20187978,0,0,17.56166019,23.20187978,0,0,0,10.76342198,0,0,0,0,0,17.56166019,0,23.20187978,10.76342198,0,0,0,0,0,0,0,0,10.76342198,17.56166019,0,0,0,0,0,0,0,23.20187978,0,44.45061728,7.587962963,0,-9.316358025,0,0,0,0,0,0,1,8,0,0,0,0,0,0,0,0,0,0,6,1,0,0,0,0,2.6496,21.6,0,0,0,0,0,0,0,0,0,0,0,0,0,0,0,0,0,0,0,0,0,0,0,0,0,6,0,0,0,0,0,0,0,0,0,0,0,0,0,0,0,0,0,0,6,0,0,0,0,0,0,0,0,0,0,0,0,0,0,0,0,0,0,0,0,0,0,0,0,0,0,0,0,0,0,0,0,0,0,0,0,0,0,0,0
101,CCN(CC)c1ccccc1,2.333333333,1.083842593,2.333333333,1.083842593,0.638007358,149.237,134.117,149.1204495,60,0,0.036548277,-0.372092227,0.372092227,0.036548277,1,1.545454545,2,15.11028628,10.26763449,1.968872041,-2.198347947,2.107873095,-2.208534543,5.448902735,0.86626469,2.738498943,189.2875676,8.104448007,7.248178504,7.248178504,5.380540058,4.180959495,4.180959495,2.507839255,2.507839255,1.884783333,1.884783333,1.227567784,1.227567784,-0.98,400.5487664,8.119800399,4.015562028,1.970338741,68.65100525,4.899909731,0,0,0,0,0,0,0,0,0,18.19910121,25.98020854,18.77689909,0,0,5.687386275,0,0,0,13.8474744,17.98942254,30.33183534,0,0,4.899909731,5.687386275,0,0,13.08951281,0,0,13.8474744,30.33183534,0,0,0,3.24,0,0,0,0,0,13.08951281,5.687386275,0,6.066367068,43.0128524,0,0,0,2.333333333,0,1.31712963,0,10.49435185,0,6.521851852,0,0.4,11,0,1,0,0,0,1,0,1,1,0,1,3,0,0,0,1,2.5328,50.003,0,0,0,0,0,0,0,0,0,0,0,0,0,0,0,1,0,0,0,0,0,0,0,0,0,0,0,0,0,1,0,0,0,0,1,0,0,0,0,0,0,0,0,0,0,0,0,0,0,0,0,0,0,0,0,0,0,0,0,0,0,0,0,0,1,0,0,0,0,0,0,0,0,0,0,0,0,0,0,0,0,0,0,0,0
102,CCc1ccc(CC)cc1,2.207175926,1.142851474,2.207175926,1.142851474,0.58312047,134.222,120.11,134.1095504,54,0,-0.030743748,-0.061294135,0.061294135,0.030743748,0.8,1.1,1.3,13.93816979,10.09110411,1.877385353,-1.969818495,2.04106375,-1.813800827,5.215707006,1.100400482,2.797251263,160.6982132,7.397341225,6.723614639,6.723614639,4.863703305,3.942687549,3.942687549,2.523603362,2.523603362,1.839467948,1.839467948,1.010667982,1.010667982,-0.78,237.5874173,7.32845987,3.403772294,1.598288066,62.89117158,0,0,0,0,0,0,0,0,0,0,38.11294267,23.96854623,0,0,0,0,0,0,0,26.68911765,0,35.39237126,0,0,0,0,0,0,0,12.84164325,0,24.97437738,24.26546827,0,0,0,0,0,0,0,0,0,12.84164325,11.12690298,0,0,38.11294267,0,0,0,0,0,2.855925926,0,8.828703704,2.285702948,4.363000756,0,0.4,10,0,0,0,0,0,1,0,1,0,0,0,2,0,0,0,1,2.8114,45.198,0,0,0,0,0,0,0,0,0,0,0,0,0,0,0,0,0,0,0,0,0,0,0,0,0,0,0,0,0,0,2,0,0,0,1,0,0,0,0,0,0,0,0,0,0,0,0,0,0,0,0,0,0,0,0,0,0,0,0,0,0,0,0,0,0,0,0,0,0,0,0,0,0,0,0,0,0,0,0,0,0,0,0,0,0
103,COCCOCCOC,5.064444444,0.652638889,5.064444444,0.652638889,0.488753519,134.175,120.063,134.0942943,56,0,0.070097235,-0.382297726,0.382297726,0.070097235,0.777777778,1.222222222,1.555555556,16.53536634,10.70889936,1.839435783,-2.001656423,1.750916554,-2.060474443,4.275772195,0.038520036,2.595082707,41.56763142,6.949747468,6.053171996,6.053171996,4.414213562,2.971197119,2.971197119,1.597970995,1.597970995,0.863590092,0.863590092,0.386579869,0.386579869,-0.12,103.687916,8.88,7.88,7.88,55.90459729,14.21058886,0,0,0,0,0,0,0,0,0,0,0,14.21959508,26.42752786,14.21058886,0,0,0,0,0,40.64712294,0,0,0,0,0,0,0,40.64712294,14.21058886,0,0,0,0,0,0,27.69,0,0,0,0,26.42752786,0,0,14.21959508,0,0,14.21058886,14.576875,0,0,0,0,0,0,0,2.618202948,3.304922052,1,9,0,3,0,0,0,0,0,0,3,0,3,6,0,0,0,0,0.2958,34.571,0,0,0,0,0,0,0,0,0,0,0,0,0,0,0,0,0,0,0,0,0,0,0,0,0,0,0,0,0,0,0,0,0,0,0,0,0,0,0,0,0,3,0,0,0,0,0,0,0,0,0,0,0,0,0,2,0,0,0,0,0,0,0,0,0,0,0,0,0,0,0,0,0,0,0,0,0,0,0,0,0,0,0,4,0
107,FCF,9.625,-1.75,9.625,1.75,0.383494824,52.023,50.007,52.0124565,20,0,0.228519759,-0.214185892,0.228519759,0.214185892,1.333333333,1.333333333,1.333333333,19.27435485,11.73564515,1.439021527,-1.423687659,1.557146421,-1.339446421,3.566751815,0.295248185,1.632993162,2.754887502,2.707106781,1.463035727,1.463035727,1.414213562,0.534522484,0.534522484,0.101015254,0.101015254,0,0,0,0,-0.14,2.754887502,2.86,1.86,1.86,17.07032183,0,0,0,6.928360322,0,0,0,8.780830095,0,0,0,0,0,0,8.780830095,0,0,0,0,0,6.928360322,0,0,0,0,8.780830095,0,0,6.928360322,0,0,0,0,0,0,0,0,6.928360322,8.780830095,0,0,0,0,0,0,0,0,0,19.25,0,0,0,0,0,0,0,-1.75,0,1,3,0,0,0,0,0,0,0,0,0,0,2,0,0,0,0,0,0.8829,7.083,0,0,0,0,0,0,0,0,0,0,0,0,0,0,0,0,0,0,0,0,0,0,0,0,0,2,0,0,0,0,0,0,0,0,0,0,0,0,0,0,0,0,0,0,2,0,0,0,0,0,0,0,0,0,0,0,0,0,0,0,0,0,0,0,0,0,0,0,0,0,0,0,0,0,0,0,0,0,0,0,0,0,0,0,0
112,Cc1ccc(N)c(C)c1,5.588703704,0.875555556,5.588703704,0.875555556,0.520972632,121.183,110.095,121.0891494,48,0,0.034340571,-0.398513832,0.398513832,0.034340571,1.222222222,1.888888889,2.333333333,14.54714944,10.12865152,1.892025468,-1.979350114,2.102527593,-1.877719519,5.467067165,1.387990639,3.17167803,215.8076621,6.853371151,5.809401077,5.809401077,4.198377303,3.026709006,3.026709006,2.36004234,2.36004234,1.425302476,1.425302476,0.825623107,0.825623107,-0.98,104.2009193,6.144688279,2.094917408,1.22443465,55.50117805,5.733667477,0,0,0,0,0,0,0,0,0,17.69618563,25.47729296,5.687386275,0,0,5.687386275,0,0,0,13.8474744,5.733667477,29.32600419,0,0,5.733667477,5.687386275,0,0,0,0,13.8474744,11.12690298,18.19910121,0,0,0,26.02,0,0,0,0,0,11.25083777,5.563451492,0,19.05647134,12.99010427,5.733667477,0,0,0,0,8.891759259,0,6.030092593,0,4.078148148,0,0.25,9,2,1,0,0,0,1,0,1,1,1,1,0,0,0,0,1,1.88564,40.3284,0,0,0,1,0,0,0,0,0,0,0,0,0,0,0,0,0,1,0,0,0,0,0,0,0,0,0,0,0,1,2,0,0,0,1,0,0,0,0,0,0,0,0,0,0,0,0,0,0,0,0,0,0,0,0,0,0,0,0,0,0,0,0,0,0,0,0,0,0,0,0,0,0,0,0,0,0,0,0,0,0,0,0,0,0
113,Cc1ccc(C)c(N)c1,5.620648148,0.884259259,5.620648148,0.884259259,0.520972632,121.183,110.095,121.0891494,48,0,0.03458729,-0.398506119,0.398506119,0.03458729,1.222222222,1.888888889,2.333333333,14.54843177,10.13270857,1.892352711,-1.97947016,2.104397529,-1.88057197,5.472846495,1.400080293,3.17167803,215.8076621,6.853371151,5.809401077,5.809401077,4.198377303,3.026709006,3.026709006,2.36004234,2.36004234,1.434739864,1.434739864,0.759900179,0.759900179,-0.98,104.2009193,6.144688279,2.094917408,1.22443465,55.50117805,5.733667477,0,0,0,0,0,0,0,0,0,12.13273414,31.04074445,5.687386275,0,0,5.687386275,0,0,0,13.8474744,5.733667477,29.32600419,0,0,5.733667477,5.687386275,0,0,0,0,13.8474744,11.12690298,18.19910121,0,0,0,26.02,0,0,0,0,0,11.25083777,5.563451492,0,25.98020854,6.066367068,5.733667477,0,0,0,0,8.878703704,0,6.075092593,0,4.046203704,0,0.25,9,2,1,0,0,0,1,0,1,1,1,1,0,0,0,0,1,1.88564,40.3284,0,0,0,1,0,0,0,0,0,0,0,0,0,0,0,0,0,1,0,0,0,0,0,0,0,0,0,0,0,1,2,0,0,0,1,0,0,0,0,0,0,0,0,0,0,0,0,0,0,0,0,0,0,0,0,0,0,0,0,0,0,0,0,0,0,0,0,0,0,0,0,0,0,0,0,0,0,0,0,0,0,0,0,0,0
119,C[C@H]1CCCC[C@@H]1C,2.378796296,1.003472222,2.378796296,1.003472222,0.451755297,112.216,96.088,112.1252005,48,0,-0.041698204,-0.062254863,0.062254863,0.041698204,0.875,1.25,1.5,14.20874424,9.818666442,2.149789642,-2.240315778,2.277817443,-2.119093942,4.668795292,0.277071028,2.279400271,56.4385619,5.983127663,5.983127663,5.983127663,3.804530453,3.804530453,3.804530453,3.239024819,3.239024819,2.540336414,2.540336414,1.501661279,1.501661279,0,72.49526583,6.125,2.52,1.239669421,52.28801468,0,0,0,0,0,0,0,0,0,0,39.53076089,11.83581209,0,0,0,0,0,0,11.83581209,39.53076089,0,0,0,0,0,0,0,0,0,0,11.83581209,39.53076089,0,0,0,0,0,0,0,0,0,0,11.83581209,25.68328649,0,0,13.8474744,0,0,0,0,0,0,2.006944444,0,5.90212963,4.757592593,0,1,8,0,0,1,0,1,0,0,0,0,0,0,0,1,0,1,1,2.8326,36.796,0,0,0,0,0,0,0,0,0,0,0,0,0,0,0,0,0,0,0,0,0,0,0,0,0,0,0,0,0,0,0,0,0,0,0,0,0,0,0,0,0,0,0,0,0,0,0,0,0,0,0,0,0,0,0,0,0,0,0,0,0,0,0,0,0,0,0,0,0,0,0,0,0,0,0,0,0,0,0,0,0,0,0,0,0
131,CC1CCC(C)O1,5.361111111,0.523148148,5.361111111,0.523148148,0.448720785,100.161,88.065,100.088815,42,0,0.055113273,-0.375565857,0.375565857,0.055113273,1.142857143,1.571428571,1.714285714,16.50207187,10.2098642,2.155683663,-2.009275638,2.168273831,-2.012498421,4.643775362,0.067256216,2.257153237,53.20035948,5.276020882,4.977162391,4.977162391,3.2876937,2.94260164,2.94260164,2.334667468,2.334667468,1.444334813,1.444334813,1.002073095,1.002073095,-0.04,46.67048278,5.103678161,1.826390306,1.164181282,44.67167568,4.736862954,0,0,0,0,0,0,0,0,0,0,26.68911765,0,12.20793278,4.736862954,0,0,0,0,38.89705042,0,0,0,0,0,0,0,0,12.20793278,4.736862954,0,26.68911765,0,0,0,0,9.23,0,0,0,0,12.20793278,0,12.84164325,0,0,13.8474744,4.736862954,5.361111111,0,0,0,0,0,0,3.548611111,4.256944444,0,1,7,0,1,0,1,1,0,0,0,1,0,1,0,0,1,1,1,1.5738,29.243,0,0,0,0,0,0,0,0,0,0,0,0,0,0,0,0,0,0,0,0,0,0,0,0,0,0,0,0,0,0,0,0,0,0,0,0,0,0,0,0,0,1,0,0,0,0,0,0,0,0,0,0,0,0,0,0,0,0,0,0,0,0,0,0,0,0,0,0,0,0,0,0,0,0,0,0,0,0,0,0,0,0,0,0,0
133,CCCOCCOCCC,5.204362245,0.743888889,5.204362245,0.743888889,0.510138006,146.23,128.086,146.1306798,62,0,0.069993469,-0.379070812,0.379070812,0.069993469,0.7,1.1,1.4,16.52053442,10.51537867,1.85332118,-2.017737235,1.826756956,-2.044926323,4.301392861,0.048255056,2.647604849,47.21928095,7.656854249,7.059137268,7.059137268,4.914213562,4.068914101,4.068914101,2.224744871,2.224744871,1.068931893,1.068931893,0.61065041,0.61065041,-0.08,175.076748,9.92,8.92,7.92,63.52093629,9.473725908,0,0,0,0,0,0,0,0,0,13.8474744,12.84164325,13.21376393,13.21376393,9.473725908,0,0,0,0,26.68911765,26.42752786,0,0,0,0,0,0,0,26.42752786,9.473725908,0,26.68911765,0,0,0,0,18.46,0,0,0,0,0,39.2691711,0,0,0,13.8474744,9.473725908,10.40872449,0,0,0,0,0,0,2.182098765,7.409176745,0,1,10,0,2,0,0,0,0,0,0,2,0,2,7,0,0,0,0,1.8396,42.22,0,0,0,0,0,0,0,0,0,0,0,0,0,0,0,0,0,0,0,0,0,0,0,0,0,0,0,0,0,0,0,0,0,0,0,0,0,0,0,0,0,2,0,0,0,0,0,0,0,0,0,0,0,0,0,0,0,0,0,0,0,0,0,0,0,0,0,0,0,0,0,0,0,0,0,0,0,0,0,0,0,0,0,5,0
137,CCCCCCCCCCCCO,8.566063512,0.371527778,8.566063512,0.371527778,0.512982181,186.339,160.131,186.1983655,80,0,0.043052407,-0.396376569,0.396376569,0.043052407,0.615384615,1,1.384615385,16.24992748,10.06832557,1.906847569,-2.001282762,2.094495702,-1.838100565,4.461354261,0.281989912,2.758149818,71.19366194,9.778174593,9.225388189,9.225388189,6.414213562,6.023334547,6.023334547,3.905587313,3.905587313,2.511667274,2.511667274,1.599240266,1.599240266,-0.04,812.7027727,12.96,11.96,11.96,83.54784804,5.106527395,0,0,0,0,0,0,0,0,0,64.71113181,6.420821623,6.606881965,0,5.106527395,0,0,0,0,71.13195343,6.606881965,0,0,0,0,0,0,0,11.71340936,0,0,71.13195343,0,0,0,0,20.23,0,0,0,0,6.606881965,6.420821623,57.78739461,0,0,6.9237372,5.106527395,0,0,0,8.566063512,0,0,0,13.30358903,2.630347458,0,1,13,1,1,0,0,0,0,0,0,1,1,1,10,0,0,0,0,3.8996,58.9298,0,1,1,0,0,0,0,0,0,0,0,0,0,0,0,0,0,0,0,0,0,0,0,0,0,0,0,0,0,0,0,0,0,0,0,0,0,0,0,0,0,0,0,0,0,0,0,0,0,0,0,0,0,0,0,0,0,0,0,0,0,0,0,0,0,0,0,0,0,0,0,0,0,0,0,0,0,0,0,0,0,0,0,8,0
139,NCCN,4.902777778,0.597222222,4.902777778,0.597222222,0.403495521,60.1,52.036,60.06874826,26,0,0.004613277,-0.329216191,0.329216191,0.004613277,1,1.25,1.25,14.62775903,10.7083591,1.540741515,-1.715708841,1.240213938,-2.114954397,4.255808479,0.976215347,1.974744871,6,3.414213562,2.568914101,2.568914101,1.914213562,1.316496581,1.316496581,0.577350269,0.577350269,0.166666667,0.166666667,0,0,-0.08,6.854752972,3.92,2.92,1.92,25.78397454,11.46733495,0,0,0,0,0,0,0,0,0,0,0,13.08951281,0,0,0,0,0,11.46733495,0,13.08951281,0,0,0,11.46733495,0,0,0,13.08951281,0,0,0,0,0,0,0,52.04,0,0,0,0,13.08951281,0,0,0,0,0,11.46733495,0,0,0,0,9.805555556,0,0,0,1.194444444,0,1,4,4,2,0,0,0,0,0,0,2,2,2,1,0,0,0,0,-1.0962,18.1088,0,0,0,0,0,0,0,0,0,0,0,0,0,0,0,0,0,2,0,0,0,0,0,0,0,0,0,0,0,0,0,0,0,0,0,0,0,0,0,0,0,0,0,0,0,0,0,0,0,0,0,0,0,0,0,0,0,0,0,0,0,0,0,0,0,0,0,0,0,0,0,0,0,0,0,0,0,0,0,0,0,0,0,0,0
144,CCOCCOC,4.948888889,0.702222222,4.948888889,0.702222222,0.487902825,104.149,92.053,104.0837296,44,0,0.069964511,-0.382297746,0.382297746,0.069964511,1.285714286,2,2.428571429,16.5149717,10.74161753,1.775907647,-1.955317528,1.710754866,-1.995483844,4.21442301,0.077671195,2.447472888,25.26112493,5.535533906,4.937816924,4.937816924,3.414213562,2.481380475,2.481380475,1.189722705,1.189722705,0.635919191,0.635919191,0.286596466,0.286596466,-0.08,35.50960993,6.92,5.92,5.92,44.42610994,9.473725908,0,0,0,0,0,0,0,0,0,0,6.9237372,13.71667951,13.21376393,9.473725908,0,0,0,0,6.9237372,26.93044343,0,0,0,0,0,0,0,26.93044343,9.473725908,0,6.9237372,0,0,0,0,18.46,0,0,0,0,13.21376393,6.606881965,0,7.109797541,6.9237372,0,9.473725908,9.667777778,0,0,0,0,0,0,0,4.166527778,1.665694444,1,7,0,2,0,0,0,0,0,0,2,0,2,4,0,0,0,0,0.6693,28.369,0,0,0,0,0,0,0,0,0,0,0,0,0,0,0,0,0,0,0,0,0,0,0,0,0,0,0,0,0,0,0,0,0,0,0,0,0,0,0,0,0,2,0,0,0,0,0,0,0,0,0,0,0,0,0,1,0,0,0,0,0,0,0,0,0,0,0,0,0,0,0,0,0,0,0,0,0,0,0,0,0,0,0,2,0
147,CCc1ccccc1N,5.631064815,0.902777778,5.631064815,0.902777778,0.56344964,121.183,110.095,121.0891494,48,0,0.034594357,-0.398505707,0.398505707,0.034594357,1.333333333,2,2.444444444,14.54916095,10.13166401,1.897321969,-1.979932357,2.090723873,-1.897867023,5.455001157,1.144658132,3.006524007,193.514053,6.690234444,5.593858127,5.593858127,4.342535255,3.176685576,3.176685576,2.052367112,2.052367112,1.435995695,1.435995695,0.856171501,0.856171501,-0.98,130.6510251,6.144688279,2.533930223,1.22443465,55.50117805,5.733667477,0,0,0,0,0,0,0,0,0,25.12283841,18.05064018,5.687386275,0,0,5.687386275,0,0,0,13.34455882,5.733667477,29.82891977,0,0,5.733667477,5.687386275,0,0,0,6.420821623,0,12.48718869,24.26546827,0,0,0,26.02,0,0,0,0,0,12.1082079,5.563451492,0,18.19910121,12.99010427,5.733667477,0,0,0,0,7.767638889,0,7.942314815,1.020509259,2.10287037,0,0.25,9,2,1,0,0,0,1,0,1,1,1,1,1,0,0,0,1,1.8312,40.2324,0,0,0,1,0,0,0,0,0,0,0,0,0,0,0,0,0,1,0,0,0,0,0,0,0,0,0,0,0,1,1,0,0,0,1,0,0,0,0,0,0,0,0,0,0,0,0,0,0,0,0,0,0,0,0,0,0,0,0,0,0,0,0,0,1,0,0,0,0,0,0,0,0,0,0,0,0,0,0,0,0,0,0,0,0
148,CCc1ccc(N)cc1,5.481371882,0.84,5.481371882,0.84,0.56344964,121.183,110.095,121.0891494,48,0,0.031367595,-0.398728562,0.398728562,0.031367595,1.222222222,1.777777778,2.222222222,14.53337378,10.15289159,1.847218556,-1.940529617,2.042230699,-1.838866171,5.386051194,1.141010127,2.881555878,176.264053,6.690234444,5.593858127,5.593858127,4.325698503,3.170702511,3.170702511,2.095135014,2.095135014,1.387967487,1.387967487,0.753339636,0.753339636,-0.98,129.2253387,6.144688279,2.533930223,1.456737692,55.50117805,5.733667477,0,0,0,0,0,0,0,0,0,19.05647134,24.11700725,5.687386275,0,0,5.687386275,0,0,0,13.34455882,5.733667477,29.82891977,0,0,5.733667477,5.687386275,0,0,0,6.420821623,0,12.48718869,24.26546827,0,0,0,26.02,0,0,0,0,0,12.1082079,5.563451492,0,12.13273414,19.05647134,5.733667477,0,0,0,0,7.658594104,0,7.960648148,1.083611111,2.13047997,0,0.25,9,2,1,0,0,0,1,0,1,1,1,1,1,0,0,0,1,1.8312,40.2324,0,0,0,1,0,0,0,0,0,0,0,0,0,0,0,0,0,1,0,0,0,0,0,0,0,0,0,0,0,1,1,0,0,0,1,0,0,0,0,0,0,0,0,0,0,0,0,0,0,0,0,0,0,0,0,0,0,0,0,0,0,0,0,0,0,0,0,0,0,0,0,0,0,0,0,0,0,0,0,0,0,0,0,0,0
151,CCC1CCCCC1,2.315462963,1.086805556,2.315462963,1.086805556,0.488902998,112.216,96.088,112.1252005,48,0,-0.041690861,-0.065118181,0.065118181,0.041690861,1.125,1.75,2.125,14.15103371,9.876364521,2.090487945,-2.184200906,2.248322599,-2.030636311,4.62513296,0.349429264,2.125016255,51.05865003,5.819990956,5.819990956,5.819990956,3.931851653,3.931851653,3.931851653,2.912284135,2.912284135,2.302095141,2.302095141,1.595387957,1.595387957,0,91.36757728,6.125,3.111111111,1.5,52.28801468,0,0,0,0,0,0,0,0,0,0,45.44866694,5.917906046,0,0,0,0,0,0,5.917906046,45.44866694,0,0,0,0,0,0,0,0,0,0,5.917906046,45.44866694,0,0,0,0,0,0,0,0,0,0,5.917906046,38.52492974,0,0,6.9237372,0,0,0,0,0,0,1.086805556,0,8.931064815,2.315462963,0,1,8,0,0,1,0,1,0,0,0,0,0,0,1,1,0,1,1,2.9767,36.866,0,0,0,0,0,0,0,0,0,0,0,0,0,0,0,0,0,0,0,0,0,0,0,0,0,0,0,0,0,0,0,0,0,0,0,0,0,0,0,0,0,0,0,0,0,0,0,0,0,0,0,0,0,0,0,0,0,0,0,0,0,0,0,0,0,0,0,0,0,0,0,0,0,0,0,0,0,0,0,0,0,0,0,0,0
152,CCOC(=O)C(C)(C)C,10.84236111,-0.351180556,10.84236111,0.134259259,0.503766366,130.187,116.075,130.0993797,54,0,0.310706703,-0.465584129,0.465584129,0.310706703,1.444444444,1.888888889,2,16.53368718,9.974821232,2.213610899,-2.144140025,2.138621843,-2.220988015,5.747485326,-0.151833909,3.743097706,99.97400337,7.491563832,6.523603362,6.523603362,3.981380475,3.154030206,3.154030206,2.97047018,2.97047018,0.887804352,0.887804352,0.3476007,0.3476007,-0.53,57.50871228,8.47,2.852566646,3.115504865,56.20397104,4.736862954,0,0,0,0,5.969305288,4.794537184,0,0,0,0,27.6949488,0,12.02187243,9.531400138,5.969305288,0,0,5.414990469,27.6949488,6.606881965,0,0,0,0,0,0,0,12.57618725,9.531400138,5.414990469,27.6949488,0,0,0,0,26.3,0,4.794537184,0,11.38429576,6.606881965,0,0,0,27.6949488,0,4.736862954,4.767361111,0,10.84236111,0,-0.351180556,-0.134259259,0,0,7.792384259,0,0.857142857,9,0,2,0,0,0,0,0,0,2,0,2,1,0,0,0,0,1.5956,36.088,0,0,0,0,0,0,0,0,0,0,1,1,0,0,0,0,0,0,0,0,0,0,0,0,0,0,0,0,0,0,0,0,0,0,0,0,0,0,0,0,1,1,0,0,0,0,0,0,0,0,0,0,0,0,0,0,0,0,0,0,0,0,0,0,0,0,0,0,0,0,0,0,0,0,0,0,0,0,0,0,0,0,0,0,0
156,CCOC(=O)C(C)CC,10.75185185,-0.083333333,10.75185185,0.060138889,0.542209591,130.187,116.075,130.0993797,54,0,0.308122079,-0.465773377,0.465773377,0.308122079,1.555555556,2.111111111,2.444444444,16.53271329,10.12414528,2.090210153,-2.051219778,2.014502646,-2.127096856,5.71268425,-0.146948842,3.458823343,88.91694058,7.276020882,6.308060412,6.308060412,4.218744015,3.385410682,3.385410682,2.061344156,2.061344156,1.301337828,1.301337828,0.451184464,0.451184464,-0.53,86.01498079,8.47,4.358753835,3.115504865,56.20397104,4.736862954,0,0,0,0,5.969305288,4.794537184,0,0,0,13.8474744,13.34455882,0,12.52478801,9.531400138,5.969305288,0,0,5.917906046,27.19203322,6.606881965,0,0,0,0,0,0,0,12.57618725,9.531400138,5.917906046,27.19203322,0,0,0,0,26.3,0,4.794537184,0,11.88721133,6.606881965,6.420821623,0,0,20.7712116,0,4.736862954,4.755601852,0,10.75185185,0,0,-0.023194444,0,0.859953704,6.155787037,0,0.857142857,9,0,2,0,0,0,0,0,0,2,0,2,3,0,0,0,0,1.5956,36.088,0,0,0,0,0,0,0,0,0,0,1,1,0,0,0,0,0,0,0,0,0,0,0,0,0,0,0,0,0,0,0,0,0,0,0,0,0,0,0,0,1,1,0,0,0,0,0,0,0,0,0,0,0,0,0,0,0,0,0,0,0,0,0,0,0,0,0,0,0,0,0,0,0,0,0,0,0,0,0,0,0,0,0,0,0
157,CCOC(=O)CC(C)C,10.63125,-0.090277778,10.63125,0.090277778,0.542209591,130.187,116.075,130.0993797,54,0,0.305528406,-0.465961886,0.465961886,0.305528406,1.555555556,2.111111111,2.444444444,16.53184503,10.13977296,2.026073365,-2.019447662,1.994037534,-2.062144951,5.689452504,-0.143437978,3.271192049,86.91694058,7.276020882,6.308060412,6.308060412,4.16390246,3.320532426,3.320532426,2.402992165,2.402992165,0.880240162,0.880240162,0.553246536,0.553246536,-0.53,66.8432931,8.47,4.358753835,5.339329135,56.20397104,4.736862954,0,0,0,0,5.969305288,4.794537184,0,0,0,13.8474744,12.84164325,6.420821623,6.606881965,9.531400138,5.969305288,0,0,5.917906046,27.19203322,6.606881965,0,0,0,0,0,0,0,12.57618725,9.531400138,5.917906046,27.19203322,0,0,0,0,26.3,0,4.794537184,0,5.969305288,18.94560963,0,0,0,20.7712116,0,4.736862954,4.71375,0,10.63125,0,0,0.31625,0,0.535555556,6.303194444,0,0.857142857,9,0,2,0,0,0,0,0,0,2,0,2,3,0,0,0,0,1.5956,36.088,0,0,0,0,0,0,0,0,0,0,1,1,0,0,0,0,0,0,0,0,0,0,0,0,0,0,0,0,0,0,0,0,0,0,0,0,0,0,0,0,1,1,0,0,0,0,0,0,0,0,0,0,0,0,0,0,0,0,0,0,0,0,0,0,0,0,0,0,0,0,0,0,0,0,0,0,0,0,0,0,0,0,0,0,0
158,CCOC(=O)C(C)C,10.52060185,-0.118055556,10.52060185,0.009212963,0.506664867,116.16,104.064,116.0837296,48,0,0.307851069,-0.465780805,0.465780805,0.307851069,1.625,2.125,2.25,16.53264961,10.22531994,2.044027232,-2.013470742,1.933602134,-2.101408281,5.708663929,-0.146234443,3.329150037,76.59772061,6.568914101,5.600953631,5.600953631,3.680739213,2.847405879,2.847405879,1.906748834,1.906748834,0.758000987,0.758000987,0.308925565,0.308925565,-0.53,45.11498676,7.47,3.469267037,2.61092148,49.83902893,4.736862954,0,0,0,0,5.969305288,4.794537184,0,0,0,13.8474744,6.9237372,0,12.52478801,9.531400138,5.969305288,0,0,5.917906046,20.7712116,6.606881965,0,0,0,0,0,0,0,12.57618725,9.531400138,5.917906046,20.7712116,0,0,0,0,26.3,0,4.794537184,0,11.88721133,6.606881965,0,0,6.9237372,13.8474744,4.736862954,0,4.664351852,0,10.52060185,0,0,-0.108842593,0,0,5.923888889,0,0.833333333,8,0,2,0,0,0,0,0,0,2,0,2,2,0,0,0,0,1.2055,31.471,0,0,0,0,0,0,0,0,0,0,1,1,0,0,0,0,0,0,0,0,0,0,0,0,0,0,0,0,0,0,0,0,0,0,0,0,0,0,0,0,1,1,0,0,0,0,0,0,0,0,0,0,0,0,0,0,0,0,0,0,0,0,0,0,0,0,0,0,0,0,0,0,0,0,0,0,0,0,0,0,0,0,0,0,0
168,FC(C(F)(F)F)C(F)(F)F,11.16666667,-5.848958333,11.16666667,4.736111111,0.489510883,170.027,169.019,169.9966476,62,0,0.428221919,-0.227208222,0.428221919,0.227208222,0.7,0.9,0.9,19.43190559,10.36135295,2.57148774,-2.138932647,2.348021464,-2.37691205,4.728473375,-0.285382851,4.231132186,93.00007685,8.577350269,4.22310158,4.22310158,4.154700538,1.929461578,1.929461578,1.445780557,1.445780557,0.574762665,0.574762665,0.185576872,0.185576872,-0.49,63.57980789,9.51,2.27968378,2.402432901,50.62788308,0,0,0,0,6.171675396,12.35259703,0,4.390415048,26.34249029,0,0,0,0,0,30.73290533,0,0,0,0,18.52427243,0,0,0,0,0,30.73290533,0,0,18.52427243,0,0,0,0,0,0,0,0,18.52427243,30.73290533,0,0,0,0,0,0,0,0,0,76.26736111,0,0,0,0,0,0,-16.43402778,0,0,1,10,0,0,0,0,0,0,0,0,0,0,7,0,0,0,0,0,2.4491,17.006,0,0,0,0,0,0,0,0,0,0,0,0,0,0,0,0,0,0,0,0,0,0,0,0,0,7,0,0,0,0,0,0,0,0,0,0,0,0,0,0,0,0,0,0,7,0,0,0,0,0,0,0,0,0,0,0,0,0,0,0,0,0,0,0,0,0,0,0,0,0,0,0,0,0,0,0,0,0,0,0,0,0,0,0,0
172,CCCCCC(C)O,8.778993764,-0.095787037,8.778993764,0.095787037,0.556461802,116.204,100.076,116.1201151,50,0,0.051166682,-0.393419269,0.393419269,0.051166682,1.375,2,2.375,16.26466373,10.13937955,1.915823688,-1.996282021,2.007669885,-1.971123961,4.453979114,0.180340129,2.715842761,41.65148445,6.405777394,5.852990989,5.852990989,3.77005561,3.450904231,3.450904231,2.344803282,2.344803282,1.225452115,1.225452115,0.689748805,0.689748805,-0.04,48.27551104,7.96,5.103678161,5.96,51.72313747,5.106527395,0,0,0,0,0,0,0,0,0,26.18620207,13.34455882,0,6.103966388,5.106527395,0,0,0,0,45.63472728,0,0,0,0,0,0,0,0,11.21049378,0,0,39.53076089,0,0,0,0,20.23,0,0,0,6.103966388,0,6.420821623,19.26246487,0,6.9237372,6.9237372,5.106527395,0,0,0,8.778993764,0,0,0,4.542731481,4.011608088,0,1,8,1,1,0,0,0,0,0,0,1,1,1,4,0,0,0,0,1.9475,35.8228,0,1,1,0,0,0,0,0,0,0,0,0,0,0,0,0,0,0,0,0,0,0,0,0,0,0,0,0,0,0,0,0,0,0,0,0,0,0,0,0,0,0,0,0,0,0,0,0,0,0,0,0,0,0,0,0,0,0,0,0,0,0,0,0,0,0,0,0,0,0,0,0,0,0,0,0,0,0,0,0,0,0,0,1,0
173,CCCC(O)CCC,9.049166667,-0.037037037,9.049166667,0.037037037,0.594853428,116.204,100.076,116.1201151,50,0,0.053964528,-0.39313175,0.39313175,0.053964528,1.125,1.5,1.75,16.26567185,10.11872652,1.971707748,-2.041818626,2.017925962,-2.031763575,4.506433747,0.15251516,2.919612641,37.65148445,6.405777394,5.852990989,5.852990989,3.808060412,3.488909033,3.488909033,2.231173775,2.231173775,1.243797449,1.243797449,0.810784748,0.810784748,-0.04,50.25226451,7.96,5.103678161,4.127785235,51.72313747,5.106527395,0,0,0,0,0,0,0,0,0,26.68911765,12.84164325,0,6.103966388,5.106527395,0,0,0,0,45.63472728,0,0,0,0,0,0,0,0,11.21049378,0,0,39.53076089,0,0,0,0,20.23,0,0,0,6.103966388,0,25.68328649,0,0,0,13.8474744,5.106527395,0,0,0,9.049166667,0,0,0,4.091944444,4.192222222,0,1,8,1,1,0,0,0,0,0,0,1,1,1,4,0,0,0,0,1.9475,35.8228,0,1,1,0,0,0,0,0,0,0,0,0,0,0,0,0,0,0,0,0,0,0,0,0,0,0,0,0,0,0,0,0,0,0,0,0,0,0,0,0,0,0,0,0,0,0,0,0,0,0,0,0,0,0,0,0,0,0,0,0,0,0,0,0,0,0,0,0,0,0,0,0,0,0,0,0,0,0,0,0,0,0,0,0,0
176,OC(C(F)(F)F)C(F)(F)F,10.97511574,-5.626736111,10.97511574,4.236111111,0.542733125,168.036,166.02,168.000984,62,0,0.422901126,-0.376561905,0.422901126,0.376561905,0.8,1,1,19.42480145,10.33377901,2.552528626,-2.160897314,2.320402299,-2.41265426,4.721493343,-0.308368958,4.231132186,97.1417863,8.577350269,4.292350703,4.292350703,4.154700538,1.969442578,1.969442578,1.485761556,1.485761556,0.620096857,0.620096857,0.185576872,0.185576872,-0.46,63.57980789,9.54,2.296528024,2.421671467,51.25658143,5.106527395,0,0,6.103966388,0,12.35259703,0,0,26.34249029,0,0,0,0,0,31.44901768,0,0,0,0,18.45656342,0,0,0,0,0,26.34249029,0,0,23.56309082,0,0,0,0,0,0,0,20.23,18.45656342,26.34249029,0,0,0,0,0,0,0,0,5.106527395,65.85069444,0,0,7.472222222,0,0,0,-15.48958333,0,0,1,10,1,1,0,0,0,0,0,0,1,1,7,0,0,0,0,0,1.4719,18.1168,0,1,1,0,0,0,0,0,0,0,0,0,0,0,0,0,0,0,0,0,0,0,0,0,0,6,0,0,0,0,0,0,0,0,0,0,0,0,0,0,0,0,0,0,6,0,0,0,0,0,0,0,0,0,0,0,0,0,0,0,0,0,0,0,0,0,0,0,0,0,0,0,0,0,0,0,0,0,0,0,0,0,0,0,0
179,N#CCCCCC#N,8.032678571,0.585,8.032678571,0.585,0.515241194,108.144,100.08,108.0687483,42,0,0.062125109,-0.198347387,0.198347387,0.062125109,0.875,1.25,1.5,14.23261084,10.20003597,1.825952007,-1.826456268,1.952588661,-1.70052295,4.721883602,0.773293612,2.773901163,99.47067499,6.242640687,4.722854316,4.722854316,3.914213562,2.654320377,2.654320377,1.523334547,1.523334547,0.827160188,0.827160188,0.408113883,0.408113883,-1.02,61.49961227,6.98,5.98,4.98,49.34912096,0,0,0,0,0,0,0,0,10.52378311,0,0,12.84164325,12.84164325,12.13844263,0,0,10.52378311,0,0,25.68328649,0,0,0,12.13844263,0,0,0,0,0,0,22.66222574,25.68328649,0,0,0,0,47.58,0,0,0,0,12.84164325,12.84164325,0,0,12.13844263,0,10.52378311,0,0,0,16.06535714,0,0,4.034365079,2.900277778,0,0,0.666666667,8,0,2,0,0,0,0,0,0,2,0,2,3,0,0,0,0,1.59396,29.694,0,0,0,0,0,0,0,0,0,0,0,0,0,0,0,2,0,0,0,0,0,0,0,0,0,0,0,0,0,0,0,0,0,0,0,0,0,0,0,0,0,0,0,0,0,0,0,0,0,0,0,0,0,0,0,0,0,2,0,0,0,0,0,0,0,0,0,0,0,0,0,0,0,0,0,0,0,0,0,0,0,0,0,3,0
181,CCCC(O)CC,8.857916667,-0.050925926,8.857916667,0.050925926,0.572966484,102.177,88.065,102.1044651,44,0,0.053711905,-0.393142396,0.393142396,0.053711905,1.428571429,2,2.142857143,16.26560187,10.16020611,1.940185235,-2.013159895,1.975538658,-2.012457964,4.473297294,0.159181402,2.831819966,35.16125946,5.698670613,5.145884208,5.145884208,3.308060412,2.988909033,2.988909033,1.850746931,1.850746931,1.093148045,1.093148045,0.537347735,0.537347735,-0.04,31.91663524,6.96,4.127785235,3.79903486,45.35819535,5.106527395,0,0,0,0,0,0,0,0,0,20.26829602,12.84164325,0,6.103966388,5.106527395,0,0,0,0,39.21390566,0,0,0,0,0,0,0,0,11.21049378,0,0,33.10993927,0,0,0,0,20.23,0,0,0,6.103966388,0,19.26246487,0,0,6.9237372,6.9237372,5.106527395,0,0,0,8.857916667,0,0,0,2.89287037,4.082546296,0,1,7,1,1,0,0,0,0,0,0,1,1,1,3,0,0,0,0,1.5574,31.2058,0,1,1,0,0,0,0,0,0,0,0,0,0,0,0,0,0,0,0,0,0,0,0,0,0,0,0,0,0,0,0,0,0,0,0,0,0,0,0,0,0,0,0,0,0,0,0,0,0,0,0,0,0,0,0,0,0,0,0,0,0,0,0,0,0,0,0,0,0,0,0,0,0,0,0,0,0,0,0,0,0,0,0,0,0
183,CCCC(=O)CC,10.41180556,0.377314815,10.41180556,0.377314815,0.527852924,100.161,88.065,100.088815,42,0,0.132126006,-0.299729471,0.299729471,0.132126006,1.428571429,2,2.142857143,16.13775208,10.18576697,1.907917965,-1.86719045,1.904076028,-1.907808344,5.773123157,-0.118284766,3.002590529,57.20035948,5.698670613,5.029568634,5.029568634,3.308060412,2.825444489,2.825444489,1.642228525,1.642228525,0.923176335,0.923176335,0.455615463,0.455615463,-0.33,31.91663524,6.67,3.846366843,3.501720078,44.7254837,0,5.783244946,0,0,0,0,4.794537184,0,0,0,13.8474744,6.420821623,12.84164325,0,4.794537184,5.783244946,0,0,0,33.10993927,0,0,0,0,0,0,0,0,5.783244946,4.794537184,0,33.10993927,0,0,0,0,17.07,0,4.794537184,0,0,12.20406657,12.84164325,0,0,13.8474744,0,0,0,0,10.41180556,0,0,0.377314815,0,2.45537037,3.922175926,0,0.833333333,7,0,1,0,0,0,0,0,0,1,0,1,3,0,0,0,0,1.7656,30.206,0,0,0,0,0,0,0,0,0,0,1,1,0,0,0,0,0,0,0,0,0,0,0,0,0,0,0,0,0,0,0,0,0,0,0,0,0,0,0,0,0,0,0,0,0,0,0,0,0,0,0,1,1,0,0,0,0,0,0,0,0,0,0,0,0,0,0,0,0,0,0,0,0,0,0,0,0,0,0,0,0,0,0,0,0
201,CCC(=O)OCC(C)C,10.49402778,-0.107685185,10.49402778,0.107685185,0.542209591,130.187,116.075,130.0993797,54,0,0.305006227,-0.465409267,0.465409267,0.305006227,1.555555556,2.111111111,2.444444444,16.5328157,10.24002964,1.982638295,-2.037027437,1.932132524,-2.074840312,5.682890849,-0.143802052,3.168818865,86.91694058,7.276020882,6.308060412,6.308060412,4.16390246,3.320532426,3.320532426,2.430412943,2.430412943,0.866329439,0.866329439,0.361674995,0.361674995,-0.53,78.51304536,8.47,4.358753835,5.339329135,56.20397104,4.736862954,0,0,0,0,5.969305288,4.794537184,0,0,0,20.7712116,5.917906046,6.420821623,6.606881965,9.531400138,5.969305288,0,0,5.917906046,27.19203322,6.606881965,0,0,0,0,0,0,0,12.57618725,9.531400138,5.917906046,27.19203322,0,0,0,0,26.3,0,4.794537184,0,5.969305288,18.94560963,0,0,6.9237372,13.8474744,0,4.736862954,4.813657407,0,10.49402778,0,0,0.337222222,0,0.478888889,6.376203704,0,0.857142857,9,0,2,0,0,0,0,0,0,2,0,2,3,0,0,0,0,1.5956,36.088,0,0,0,0,0,0,0,0,0,0,1,1,0,0,0,0,0,0,0,0,0,0,0,0,0,0,0,0,0,0,0,0,0,0,0,0,0,0,0,0,1,1,0,0,0,0,0,0,0,0,0,0,0,0,0,0,0,0,0,0,0,0,0,0,0,0,0,0,0,0,0,0,0,0,0,0,0,0,0,0,0,0,0,0,0
206,CC(C)N,5.111111111,0.333333333,5.111111111,0.333333333,0.427929947,59.112,50.04,59.07349929,26,0,-0.001792424,-0.328262981,0.328262981,0.001792424,1.5,1.5,1.5,14.57041235,10.45009159,1.666426206,-1.810489515,1.57743801,-2.064711671,4.3196211,0.83435855,2.323790008,8,3.577350269,3.154700538,3.154700538,1.732050808,1.488033872,1.488033872,1.244016936,1.244016936,0,0,0,0,-0.04,3.245112498,3.96,1.297837838,1128.96,26.80902595,5.733667477,0,0,0,0,0,0,0,0,0,13.8474744,6.041840829,0,0,0,0,0,0,5.733667477,19.88931523,0,0,0,0,5.733667477,0,0,0,6.041840829,0,0,13.8474744,0,0,0,0,26.02,0,0,0,0,6.041840829,0,0,0,13.8474744,0,5.733667477,0,0,0,0,5.111111111,0,0.333333333,0,3.888888889,0,1,4,2,1,0,0,0,0,0,0,1,1,1,0,0,0,0,0,0.3535,19.3234,0,0,0,0,0,0,0,0,0,0,0,0,0,0,0,0,0,1,0,0,0,0,0,0,0,0,0,0,0,0,0,0,0,0,0,0,0,0,0,0,0,0,0,0,0,0,0,0,0,0,0,0,0,0,0,0,0,0,0,0,0,0,0,0,0,0,0,0,0,0,0,0,0,0,0,0,0,0,0,0,0,0,0,0,0
214,CCC(C)(C)OC,5.086805556,0.083333333,5.086805556,0.083333333,0.516454974,102.177,88.065,102.1044651,44,0,0.061968292,-0.378826817,0.378826817,0.061968292,1.428571429,1.857142857,1.857142857,16.48665725,10.08220597,2.102813849,-2.189351052,2.097475358,-2.195552617,4.621048033,0.019642751,3.360435143,42.14170945,5.914213562,5.615355072,5.615355072,3.121320344,2.673032607,2.673032607,2.317370175,2.317370175,1.404030206,1.404030206,0.144337567,0.144337567,-0.04,26.83874054,6.96,2.31410722,2.63114094,45.67750683,4.736862954,0,0,0,0,0,0,0,0,0,6.9237372,20.26829602,7.109797541,5.601050811,4.736862954,0,0,0,0,32.79308403,7.109797541,0,0,0,0,0,0,0,12.71084835,4.736862954,0,27.19203322,0,0,0,0,9.23,0,0,0,5.601050811,0,6.420821623,0,7.109797541,0,20.7712116,4.736862954,5.086805556,0,0,0,0.083333333,0,0,1.072916667,6.267361111,1.739583333,1,7,0,1,0,0,0,0,0,0,1,0,1,2,0,0,0,0,1.8214,31.379,0,0,0,0,0,0,0,0,0,0,0,0,0,0,0,0,0,0,0,0,0,0,0,0,0,0,0,0,0,0,0,0,0,0,0,0,0,0,0,0,0,1,0,0,0,0,0,0,0,0,0,0,0,0,0,1,0,0,0,0,0,0,0,0,0,0,0,0,0,0,0,0,0,0,0,0,0,0,0,0,0,0,0,0,0
228,COC(=O)C(C)C,10.28935185,-0.152777778,10.28935185,0.00462963,0.45792369,102.133,92.053,102.0680796,42,0,0.307585503,-0.468807027,0.468807027,0.307585503,1.571428571,2,2,16.52381245,10.22741718,2.026422464,-1.974607567,1.913952843,-2.071980962,5.706783499,-0.143675102,3.353075954,66.48040588,5.86180732,4.89384685,4.89384685,3.180739213,2.259872254,2.259872254,1.677860277,1.677860277,0.672588984,0.672588984,0.23570226,0.23570226,-0.53,27.9770933,6.47,2.61092148,2.201261426,43.47408681,4.736862954,0,0,0,0,5.969305288,4.794537184,0,0,0,13.8474744,0,0,13.02770359,9.531400138,5.969305288,0,0,5.917906046,13.8474744,7.109797541,0,0,0,0,0,0,0,13.07910283,9.531400138,5.917906046,13.8474744,0,0,0,0,26.3,0,4.794537184,0,11.88721133,0,0,7.109797541,13.8474744,0,4.736862954,0,4.372685185,0,10.28935185,0,0,-0.148148148,0,0,3.594907407,1.391203704,0.8,7,0,2,0,0,0,0,0,0,2,0,2,1,0,0,0,0,0.8154,26.854,0,0,0,0,0,0,0,0,0,0,1,1,0,0,0,0,0,0,0,0,0,0,0,0,0,0,0,0,0,0,0,0,0,0,0,0,0,0,0,0,1,1,0,0,0,0,0,0,0,0,0,0,0,0,0,1,0,0,0,0,0,0,0,0,0,0,0,0,0,0,0,0,0,0,0,0,0,0,0,0,0,0,0,0,0
231,Cc1ccc2ccccc2c1,2.203703704,1.317685185,2.203703704,1.317685185,0.529725659,142.201,132.121,142.0782503,54,0,-0.018140474,-0.061629708,0.061629708,0.018140474,0.818181818,1.545454545,2.363636364,13.941691,10.08852463,1.889908741,-1.963666031,2.137665738,-1.725561867,5.823496007,1.505879518,2.828901216,374.4500235,7.681798276,6.541451884,6.541451884,5.360173345,3.815384141,3.815384141,2.850604952,2.850604952,1.904967731,1.904967731,1.308742686,1.308742686,-1.3,487.8529731,6.412726002,2.38707483,1.116826332,66.47800977,0,0,0,0,0,0,0,0,0,0,48.02802097,17.69618563,0,0,0,10.77244843,0,0,0,6.9237372,0,48.02802097,0,0,0,0,0,0,0,0,6.9237372,5.563451492,42.46456948,0,10.77244843,0,0,0,0,0,0,0,0,16.33589992,0,0,49.38830668,0,0,0,0,2.644074074,1.32287037,0,14.91555556,0,2.1175,0,0.090909091,11,0,0,0,0,0,2,0,2,0,0,0,0,0,0,0,2,3.14822,48.685,0,0,0,0,0,0,0,0,0,0,0,0,0,0,0,0,0,0,0,0,0,0,0,0,0,0,0,0,0,0,1,0,0,0,2,0,1,0,0,0,0,0,0,0,0,0,0,0,0,0,0,0,0,0,0,0,0,0,0,0,0,0,0,0,0,0,0,0,0,0,0,0,0,0,0,0,0,0,0,0,0,0,0,0,0
235,CC(C)CC(C)O,8.722777778,-0.125,8.722777778,0.125,0.558630557,102.177,88.065,102.1044651,44,0,0.051410236,-0.393408743,0.393408743,0.051410236,1.285714286,1.714285714,1.714285714,16.2647329,10.08384063,1.967323879,-2.042812921,2.014155025,-2.027056542,4.488279837,0.167663649,2.953223175,33.44467836,5.86180732,5.309020915,5.309020915,3.125897658,2.806746278,2.806746278,2.478570477,2.478570477,0.812516037,0.812516037,0.682223031,0.682223031,-0.04,19.09358393,6.96,3.026851632,5.96,45.35819535,5.106527395,0,0,0,0,0,0,0,0,0,13.8474744,19.26246487,0,6.103966388,5.106527395,0,0,0,5.917906046,33.29599961,0,0,0,0,0,0,0,0,11.21049378,0,5.917906046,27.19203322,0,0,0,0,20.23,0,0,0,6.103966388,5.917906046,6.420821623,0,0,6.9237372,13.8474744,5.106527395,0,0,0,8.722777778,0,0.625,0,0.791666667,6.027222222,0,1,7,1,1,0,0,0,0,0,0,1,1,1,2,0,0,0,0,1.4133,31.1358,0,1,1,0,0,0,0,0,0,0,0,0,0,0,0,0,0,0,0,0,0,0,0,0,0,0,0,0,0,0,0,0,0,0,0,0,0,0,0,0,0,0,0,0,0,0,0,0,0,0,0,0,0,0,0,0,0,0,0,0,0,0,0,0,0,0,0,0,0,0,0,0,0,0,0,0,0,0,0,0,0,0,0,0,0
237,[H+].[Cl-].CN1CCCCC1,2.392361111,0,2.392361111,0,0.379823744,135.638,121.526,135.0814771,50,0,1,-1,1,1,1.125,1.625,1.875,35.45300036,1.00799944,2.017501426,-2.201551038,2.041253746,-2.99600181,4.577248606,-2.47E-06,0,55.01955001,5.112884175,6.360711974,6.11664092,3.39384685,3.079669128,3.079669128,2.363936097,2.363936097,1.579669128,1.579669128,1.052021456,1.052021456,0.25,47.19725257,8.25,4.160927456,2.530991736,58.95585574,17.30694289,0,0,0,0,1.426638065,0,0,0,0,6.420821623,32.97882804,0,0,13.83367123,0,0,4.899909731,0,19.26246487,20.13718479,0,0,0,12.40703316,0,0,0,25.03709453,0,0,20.68910293,0,0,0,0,3.24,0,0,0,13.83367123,0,0,32.35197768,0,0,11.94758171,0,0,0,2.392361111,0,0,0,0,4.275138889,2.638888889,2.193611111,1,8,0,1,0,1,1,0,0,0,1,0,2,0,0,1,1,1,-1.7814,32.46,0,0,0,0,0,0,0,0,0,0,0,0,0,0,0,1,0,0,0,0,1,0,0,0,0,0,0,0,0,0,0,0,0,0,0,0,0,0,0,0,0,0,0,0,1,0,0,0,0,0,0,0,0,0,0,0,0,0,0,0,0,0,0,0,0,0,0,0,0,1,0,0,0,0,0,0,0,0,0,0,0,0,0,0,0
238,CC(C)C#N,7.893518519,0.189814815,7.893518519,0.189814815,0.418494417,69.107,62.051,69.05784922,28,0,0.064945717,-0.198057275,0.198057275,0.064945717,1.6,1.8,1.8,14.23521384,10.26450903,1.781572597,-1.753927998,1.814639562,-1.722311374,4.721935076,0.849099145,2.939447246,49.1585155,4.28445705,3.524563865,3.524563865,2.27005561,1.666982471,1.666982471,1.283799983,1.283799983,0.25819889,0.25819889,0,0,-0.51,9.651484454,4.49,1.776532951,3.49,32.22665705,0,0,0,0,0,0,0,0,5.261891555,0,0,13.8474744,5.917906046,6.069221313,0,0,5.261891555,0,5.917906046,13.8474744,0,0,0,6.069221313,0,0,0,0,0,0,17.24901891,13.8474744,0,0,0,0,23.79,0,0,0,5.917906046,0,0,0,0,19.91669571,0,5.261891555,0,0,0,7.893518519,0,0.189814815,2.027777778,0,3.722222222,0,0.75,5,0,1,0,0,0,0,0,0,1,0,1,0,0,0,0,0,1.16598,20.451,0,0,0,0,0,0,0,0,0,0,0,0,0,0,0,1,0,0,0,0,0,0,0,0,0,0,0,0,0,0,0,0,0,0,0,0,0,0,0,0,0,0,0,0,0,0,0,0,0,0,0,0,0,0,0,0,0,1,0,0,0,0,0,0,0,0,0,0,0,0,0,0,0,0,0,0,0,0,0,0,0,0,0,0,0
246,CN1CCCC1,2.361111111,1.319444444,2.361111111,1.319444444,0.418523177,85.15,74.062,85.08914935,36,0,-0.002131411,-0.30636681,0.30636681,0.002131411,1.166666667,1.666666667,1.833333333,15.09929918,10.39358405,2.027300354,-2.00613737,2.01490442,-2.101511257,4.588214439,0.417724862,2.18410557,37.20310344,4.405777394,4.27564072,4.27564072,2.89384685,2.579669128,2.579669128,2.010382706,2.010382706,1.329669128,1.329669128,0.87524476,0.87524476,-0.04,33.54887502,4.127785235,1.605659929,0.716242568,38.953022,4.899909731,0,0,0,0,0,0,0,0,0,0,32.97882804,0,0,0,0,0,4.899909731,0,12.84164325,20.13718479,0,0,0,0,0,0,0,25.03709453,0,0,12.84164325,0,0,0,0,3.24,0,0,0,0,0,0,25.93115606,0,0,11.94758171,0,0,0,2.361111111,0,0,0,0,2.826388889,2.638888889,2.173611111,1,6,0,1,0,1,1,0,0,0,1,0,1,0,0,1,1,1,0.712,26.731,0,0,0,0,0,0,0,0,0,0,0,0,0,0,0,1,0,0,0,0,1,0,0,0,0,0,0,0,0,0,0,0,0,0,0,0,0,0,0,0,0,0,0,0,0,0,0,0,0,0,0,0,0,0,0,0,0,0,0,0,0,0,0,0,0,0,0,0,0,0,0,0,0,0,0,0,0,0,0,0,0,0,0,0,0
247,CC1CCCO1,5.152777778,0.546296296,5.152777778,0.546296296,0.429917278,86.134,76.054,86.07316494,36,0,0.054739049,-0.37850742,0.37850742,0.054739049,1.666666667,2.5,2.666666667,16.49016843,10.26861067,2.067183861,-1.939711523,2.087263904,-1.938276555,4.558095295,0.125223042,2.18410557,37.20310344,4.405777394,4.106918903,4.106918903,2.89384685,2.509975955,2.509975955,1.823636555,1.823636555,1.157356904,1.157356904,0.738641942,0.738641942,-0.04,33.54887502,4.127785235,1.605659929,0.716242568,38.30673356,4.736862954,0,0,0,0,0,0,0,0,0,0,19.76538045,6.606881965,6.103966388,4.736862954,0,0,0,0,25.86934683,6.606881965,0,0,0,0,0,0,0,12.71084835,4.736862954,0,19.76538045,0,0,0,0,9.23,0,0,0,0,6.103966388,6.606881965,12.84164325,0,0,6.9237372,4.736862954,5.152777778,0,0,0,0,0,0,3.075231481,3.105324074,0,1,6,0,1,0,1,1,0,0,0,1,0,1,0,0,1,1,1,1.1853,24.648,0,0,0,0,0,0,0,0,0,0,0,0,0,0,0,0,0,0,0,0,0,0,0,0,0,0,0,0,0,0,0,0,0,0,0,0,0,0,0,0,0,1,0,0,0,0,0,0,0,0,0,0,0,0,0,0,0,0,0,0,0,0,0,0,0,0,0,0,0,0,0,0,0,0,0,0,0,0,0,0,0,0,0,0,0
251,N=O,7.5,4.5,7.5,4.5,0.383433296,31.014,30.006,31.00581365,12,0,-0.085020348,-0.153958463,0.153958463,0.085020348,1.5,1.5,1.5,16.22448107,13.78151893,0.588457002,-0.827435813,0.766240146,-0.648870146,3.633459285,1.490540715,2,2,2,0.90824829,0.90824829,1,0.204124145,0.204124145,0,0,0,0,0,0,-0.4,2,1.6,0.6,-4.9,11.85906941,0,0,0,0,0,0,0,0,4.907065244,0,5.593760801,0,0,0,0,0,5.593760801,0,0,0,0,4.907065244,0,0,0,0,0,0,0,0,10.50082605,0,0,0,0,0,40.92,0,0,0,0,0,0,0,0,0,5.593760801,4.907065244,0,0,7.5,0,4.5,0,0,0,0,0,0,2,1,2,0,0,0,0,0,0,2,1,2,0,0,0,0,0,0.33157,6.0867,0,0,0,0,0,0,0,0,0,0,0,0,0,0,0,0,1,0,0,0,0,0,0,0,0,0,0,0,0,0,0,0,0,0,0,0,0,0,0,0,0,0,0,0,0,0,0,0,0,0,0,0,0,0,0,0,0,0,0,0,0,1,0,0,0,0,0,0,0,0,0,0,0,0,0,0,0,0,0,0,0,0,0,0,0
262,[N-]=[N+]=O,8.111111111,1.25,8.111111111,1.25,0.2751374,44.013,44.013,44.00106262,16,0,0.150957217,-0.294221693,0.294221693,0.150957217,2,2,2,16.24712428,13.20502695,1.061769445,-0.999312767,0.90543009,-1.213742524,3.92300001,1.575019589,3.265986324,23.77443751,2.707106781,1.302675481,1.302675481,1.414213562,0.382574186,0.382574186,0.081649658,0.081649658,0,0,0,0,-0.69,2.754887502,2.31,1.31,1.31,16.75598507,0,4.974343449,4.907065244,0,0,0,5.531128999,0,0,0,0,0,0,0,0,0,0,4.974343449,0,0,0,10.43819424,0,0,4.974343449,0,0,0,0,0,4.907065244,0,0,0,5.531128999,0,53.47,0,0,0,0,0,0,4.974343449,0,0,0,10.43819424,0,0,9.361111111,0,6.638888889,0,0,0,0,0,0,3,0,3,0,0,0,0,0,0,1,0,3,0,0,0,0,0,-0.1584,8.86,0,0,0,0,0,0,0,0,0,0,0,0,0,0,0,2,0,0,0,0,0,0,0,0,0,0,0,0,0,0,0,0,0,0,0,0,0,0,0,0,0,0,0,0,0,0,0,0,0,0,0,0,0,0,0,0,0,0,0,0,0,1,0,0,0,0,0,0,0,0,0,0,0,0,0,0,0,0,0,0,0,0,0,0,0
271,Clc1cc(Cl)c(Cl)c(Cl)c1Cl,5.655432099,0.18595679,5.655432099,0.18595679,0.45102728,250.339,249.331,247.8520884,60,0,0.080845102,-0.082597797,0.082597797,0.080845102,0.636363636,1,1.363636364,35.50256742,10.34572679,2.104087744,-2.018351533,2.395170204,-1.751311366,6.541754277,1.696161611,3.455546484,267.2643837,8.593858127,4.967172634,8.746817364,5.03658126,2.522261452,4.412083817,1.782159538,3.730453211,1.058223522,3.204463155,0.544017576,1.653855296,0.67,256.3467848,9.755689803,3.590427552,1.877248047,88.94773425,0,0,0,0,0,0,0,0,0,0,58.00469945,6.066367068,0,25.11316657,0,58.00469945,0,0,0,0,0,31.17953364,0,0,0,0,0,58.00469945,0,0,0,0,6.066367068,25.11316657,0,0,0,0,0,0,15.06789994,10.04526663,0,6.066367068,0,0,0,58.00469945,0,28.21475309,0,1.230030864,0,0,1.444104938,0,0,0,0,11,0,0,0,0,0,1,0,1,0,0,5,0,0,0,0,1,4.9536,51.492,0,0,0,0,0,0,0,0,0,0,0,0,0,0,0,0,0,0,0,0,0,0,0,0,0,0,0,0,0,0,0,0,0,0,1,0,0,0,0,0,0,0,0,0,5,0,0,0,0,0,0,0,0,0,0,0,0,0,0,0,0,0,0,0,0,0,0,0,0,0,0,0,0,0,0,0,0,0,0,0,0,0,0,0,0
272,FC(F)C(F)(F)F,10.42824074,-5.333333333,10.42824074,4.201388889,0.427429924,120.02,119.012,119.9998411,44,0,0.449702716,-0.20005386,0.449702716,0.20005386,1,1.142857143,1.142857143,19.42740598,10.70818253,2.397598228,-2.000241589,2.224235039,-2.182329488,4.484648327,-0.218830228,3.541196965,51.590719,6.077350269,2.967172634,2.967172634,2.943375673,1.292057625,1.292057625,0.84230905,0.84230905,0.24743583,0.24743583,0,0,-0.35,17.08616633,6.65,1.632759197,2.357964602,35.93187016,0,0,0,0,0,12.60174326,0,8.780830095,13.17124514,0,0,0,0,0,21.95207524,0,0,0,0,12.60174326,0,0,0,0,0,21.95207524,0,0,12.60174326,0,0,0,0,0,0,0,0,12.60174326,21.95207524,0,0,0,0,0,0,0,0,0,52.11805556,0,0,0,0,0,0,-9.534722222,0,0,1,7,0,0,0,0,0,0,0,0,0,0,5,0,0,0,0,0,1.8138,12.059,0,0,0,0,0,0,0,0,0,0,0,0,0,0,0,0,0,0,0,0,0,0,0,0,0,5,0,0,0,0,0,0,0,0,0,0,0,0,0,0,0,0,0,0,5,0,0,0,0,0,0,0,0,0,0,0,0,0,0,0,0,0,0,0,0,0,0,0,0,0,0,0,0,0,0,0,0,0,0,0,0,0,0,0,0
273,OCC(F)(F)C(F)(F)F,11.28472222,-5.637152778,11.28472222,2.197916667,0.556099531,150.046,147.022,150.0104058,56,0,0.45525465,-0.38972612,0.45525465,0.38972612,1,1.333333333,1.333333333,19.4285837,10.34845586,2.563884318,-2.152117465,2.338065576,-2.390994806,4.728119406,-0.292030815,4.144726367,94.8664547,7.707106781,4.044142742,4.044142742,3.810660172,1.864692339,1.864692339,1.360321697,1.360321697,0.613311448,0.613311448,0.089642146,0.089642146,-0.39,49.09358393,8.61,2.091016225,1.776830252,47.09104602,5.106527395,6.606881965,0,0,0,12.09882769,0,0,21.95207524,0,0,0,0,0,27.05860263,0,0,0,0,12.09882769,6.606881965,0,0,0,0,21.95207524,0,0,23.81223704,0,0,0,0,0,0,0,20.23,18.70570965,21.95207524,0,0,0,0,0,0,0,0,5.106527395,55.34069444,0,0,7.459652778,0,-4.965277778,0,-5.637152778,-2.197916667,0,1,9,1,1,0,0,0,0,0,0,1,1,6,1,0,0,0,0,1.1763,18.0878,0,1,1,0,0,0,0,0,0,0,0,0,0,0,0,0,0,0,0,0,0,0,0,0,0,5,0,0,0,0,0,0,0,0,0,0,0,0,0,0,0,0,0,0,5,0,0,0,0,0,0,0,0,0,0,0,0,0,0,0,0,0,0,0,0,0,0,0,0,0,0,0,0,0,0,0,0,0,0,0,0,0,0,0,0
276,NCCCCCN,5.228472222,0.805555556,5.228472222,0.805555556,0.493574934,102.181,88.069,102.1156984,44,0,-0.007726732,-0.330473497,0.330473497,0.007726732,0.714285714,1.142857143,1.428571429,14.52804325,10.2301012,1.797541676,-1.90691052,1.878417688,-2.015476378,4.405648268,0.694790635,2.447472888,25.26112493,5.535533906,4.690234444,4.690234444,3.414213562,2.816496581,2.816496581,1.638010441,1.638010441,0.90824829,0.90824829,0.46545183,0.46545183,-0.08,35.50960993,6.92,5.92,5.92,44.87880088,11.46733495,0,0,0,0,0,0,0,0,0,6.420821623,25.93115606,0,0,0,0,0,0,11.46733495,19.26246487,13.08951281,0,0,0,11.46733495,0,0,0,13.08951281,0,0,19.26246487,0,0,0,0,52.04,0,0,0,0,0,25.93115606,6.420821623,0,0,0,11.46733495,0,0,0,0,10.45694444,0,0,3.431944444,1.611111111,0,1,7,4,2,0,0,0,0,0,0,2,2,2,4,0,0,0,0,0.0741,31.9598,0,0,0,0,0,0,0,0,0,0,0,0,0,0,0,0,0,2,0,0,0,0,0,0,0,0,0,0,0,0,0,0,0,0,0,0,0,0,0,0,0,0,0,0,0,0,0,0,0,0,0,0,0,0,0,0,0,0,0,0,0,0,0,0,0,0,0,0,0,0,0,0,0,0,0,0,0,0,0,0,0,0,0,2,0
277,N#CCCCC#N,7.933472222,0.5075,7.933472222,0.5075,0.482536887,94.117,88.069,94.05309819,36,0,0.062161373,-0.198346791,0.198346791,0.062161373,1,1.428571429,1.714285714,14.23742461,10.26430461,1.786695176,-1.749567178,1.884851535,-1.653639407,4.744862829,0.884898804,2.768385579,90.22901184,5.535533906,4.015747535,4.015747535,3.414213562,2.154320377,2.154320377,1.169781157,1.169781157,0.577160188,0.577160188,0.246502231,0.246502231,-1.02,35.50960993,5.98,4.98,4.98,42.98417885,0,0,0,0,0,0,0,0,10.52378311,0,0,6.420821623,12.84164325,12.13844263,0,0,10.52378311,0,0,19.26246487,0,0,0,12.13844263,0,0,0,0,0,0,22.66222574,19.26246487,0,0,0,0,47.58,0,0,0,0,19.26246487,0,0,0,12.13844263,0,10.52378311,0,0,0,15.86694444,0,0,3.902777778,1.730277778,0,0,0.6,7,0,2,0,0,0,0,0,0,2,0,2,2,0,0,0,0,1.20386,25.077,0,0,0,0,0,0,0,0,0,0,0,0,0,0,0,2,0,0,0,0,0,0,0,0,0,0,0,0,0,0,0,0,0,0,0,0,0,0,0,0,0,0,0,0,0,0,0,0,0,0,0,0,0,0,0,0,0,2,0,0,0,0,0,0,0,0,0,0,0,0,0,0,0,0,0,0,0,0,0,0,0,0,0,2,0
280,CCCC(C)O,8.552361111,-0.101851852,8.552361111,0.101851852,0.536831757,88.15,76.054,88.088815,38,0,0.05115656,-0.393419452,0.393419452,0.05115656,1.666666667,2.166666667,2.166666667,16.26465424,10.23251166,1.868347564,-1.950574511,1.906828862,-1.954541118,4.400152443,0.183327368,2.627214848,25.11941548,4.991563832,4.438777427,4.438777427,2.77005561,2.450904231,2.450904231,1.637696501,1.637696501,0.706449714,0.706449714,0.417774579,0.417774579,-0.04,14.83446686,5.96,3.161612903,3.96,38.99325324,5.106527395,0,0,0,0,0,0,0,0,0,13.34455882,13.34455882,0,6.103966388,5.106527395,0,0,0,0,32.79308403,0,0,0,0,0,0,0,0,11.21049378,0,0,26.68911765,0,0,0,0,20.23,0,0,0,6.103966388,0,12.84164325,0,0,6.9237372,6.9237372,5.106527395,0,0,0,8.552361111,0,0,0,1.909722222,3.87125,0,1,6,1,1,0,0,0,0,0,0,1,1,1,2,0,0,0,0,1.1673,26.5888,0,1,1,0,0,0,0,0,0,0,0,0,0,0,0,0,0,0,0,0,0,0,0,0,0,0,0,0,0,0,0,0,0,0,0,0,0,0,0,0,0,0,0,0,0,0,0,0,0,0,0,0,0,0,0,0,0,0,0,0,0,0,0,0,0,0,0,0,0,0,0,0,0,0,0,0,0,0,0,0,0,0,0,0,0
287,CCCCCOC=O,9.545786565,0.495694444,9.545786565,0.495694444,0.400061391,116.16,104.064,116.0837296,48,0,0.292575519,-0.467900988,0.467900988,0.292575519,1.5,2.25,2.75,16.51688568,10.2612157,1.820206947,-1.931914315,1.914818598,-1.892950602,5.362379162,-0.128310878,2.61629309,52.490225,6.242640687,5.222273975,5.222273975,3.914213562,2.967186437,2.967186437,1.674122638,1.674122638,0.93378347,0.93378347,0.483507928,0.483507928,-0.53,61.49961227,7.47,6.47,5.47,49.83902893,4.736862954,0,0,0,6.472220865,0,4.794537184,0,0,0,19.76538045,6.420821623,0,6.606881965,9.531400138,6.472220865,0,0,0,26.18620207,6.606881965,0,0,0,0,0,0,0,13.07910283,9.531400138,0,26.18620207,0,0,0,0,26.3,0,4.794537184,0,0,13.07910283,12.84164325,6.420821623,0,0,11.66060015,0,4.455,0,9.545786565,0,0,0,0,3.310810658,3.188402778,0,0.833333333,8,0,2,0,0,0,0,0,0,2,0,2,5,0,0,0,0,1.3496,31.541,0,0,0,0,0,0,0,0,0,0,1,1,0,0,0,0,0,0,0,0,0,0,0,0,0,0,0,0,0,0,0,0,0,0,0,0,0,0,0,0,0,1,0,0,0,0,0,0,0,0,0,0,0,0,0,0,0,0,0,0,0,0,0,0,0,0,0,0,0,0,0,0,0,0,0,0,0,0,0,0,0,0,0,3,0
290,CCC(=O)c1ccccc1,11.01342593,0.208888889,11.01342593,0.208888889,0.566931106,134.178,124.098,134.0731649,52,0,0.162097025,-0.294207745,0.294207745,0.162097025,1.3,1.9,2.4,16.13798389,10.10878223,1.97954323,-1.93091789,2.006696362,-1.937470661,5.951864922,0.098793812,2.852627929,213.4296924,7.397341225,6.002106418,6.002106418,4.842535255,3.42546792,3.42546792,2.14275513,2.14275513,1.416878606,1.416878606,0.82816951,0.82816951,-1.11,237.5874173,7.002485939,3.158345868,1.438612988,60.68775156,0,0,5.783244946,0,0,0,4.794537184,0,0,0,37.25557254,0,11.98427311,0,4.794537184,5.783244946,0,0,0,13.34455882,0,35.89528683,0,0,0,0,0,0,5.783244946,0,0,23.7025475,30.33183534,0,0,0,17.07,0,4.794537184,0,5.783244946,6.420821623,5.563451492,0,0,37.25557254,0,0,0,0,11.01342593,0,0.810185185,0.208888889,9.343148148,0.587314815,1.87037037,0,0.222222222,10,0,1,0,0,0,1,0,1,1,0,1,2,0,0,0,1,2.2793,41.0635,0,0,0,0,0,0,0,0,0,0,1,1,0,0,0,0,0,0,0,0,0,0,0,0,0,0,0,0,0,0,0,0,0,0,1,0,0,0,0,0,0,0,0,0,0,0,0,0,0,0,0,1,1,0,0,0,0,0,0,0,0,0,0,0,0,0,0,0,0,0,0,0,0,0,0,0,0,0,0,0,0,0,0,0,0
295,NCCCN,5.059027778,0.71875,5.059027778,0.71875,0.45451181,74.127,64.047,74.08439832,32,0,-0.006525302,-0.330424877,0.330424877,0.006525302,1,1.4,1.4,14.57207131,10.44993219,1.67221642,-1.806849281,1.578637491,-2.064198015,4.33246106,0.84400987,2.190609687,12.36452798,4.121320344,3.276020882,3.276020882,2.414213562,1.816496581,1.816496581,0.93090366,0.93090366,0.40824829,0.40824829,0.11785113,0.11785113,-0.08,11.2451125,4.92,3.92,3.92,32.14891665,11.46733495,0,0,0,0,0,0,0,0,0,0,19.51033443,0,0,0,0,0,0,11.46733495,6.420821623,13.08951281,0,0,0,11.46733495,0,0,0,13.08951281,0,0,6.420821623,0,0,0,0,52.04,0,0,0,0,0,19.51033443,0,0,0,0,11.46733495,0,0,0,0,10.11805556,0,0,0.944444444,1.4375,0,1,5,4,2,0,0,0,0,0,0,2,2,2,2,0,0,0,0,-0.7061,22.7258,0,0,0,0,0,0,0,0,0,0,0,0,0,0,0,0,0,2,0,0,0,0,0,0,0,0,0,0,0,0,0,0,0,0,0,0,0,0,0,0,0,0,0,0,0,0,0,0,0,0,0,0,0,0,0,0,0,0,0,0,0,0,0,0,0,0,0,0,0,0,0,0,0,0,0,0,0,0,0,0,0,0,0,0,0
296,OCCCO,7.90625,0.09375,7.90625,0.09375,0.459049307,76.095,68.031,76.0524295,32,0,0.045238237,-0.396286473,0.396286473,0.045238237,1,1.4,1.4,16.26511965,10.50349217,1.698723971,-1.790925687,1.647180149,-1.847796256,4.21696275,0.220996731,2.190609687,12.36452798,4.121320344,3.015747535,3.015747535,2.414213562,1.632455532,1.632455532,0.800766986,0.800766986,0.316227766,0.316227766,0.070710678,0.070710678,-0.08,11.2451125,4.92,3.92,3.92,31.05760276,10.21305479,0,0,0,0,0,0,0,0,0,0,6.420821623,13.21376393,0,10.21305479,0,0,0,0,6.420821623,13.21376393,0,0,0,0,0,0,0,23.42681872,0,0,6.420821623,0,0,0,0,40.46,0,0,0,13.21376393,6.420821623,0,0,0,0,0,10.21305479,0,0,0,15.8125,0,0,0,0.5,0.1875,0,1,5,2,2,0,0,0,0,0,0,2,2,2,2,0,0,0,0,-0.6389,18.7886,0,2,2,0,0,0,0,0,0,0,0,0,0,0,0,0,0,0,0,0,0,0,0,0,0,0,0,0,0,0,0,0,0,0,0,0,0,0,0,0,0,0,0,0,0,0,0,0,0,0,0,0,0,0,0,0,0,0,0,0,0,0,0,0,0,0,0,0,0,0,0,0,0,0,0,0,0,0,0,0,0,0,0,0,0
314,N#CCCC#N,7.79625,0.357638889,7.79625,0.357638889,0.437444522,80.09,76.058,80.03744813,30,0,0.063203778,-0.198309739,0.198309739,0.063203778,1,1.333333333,1.5,14.24477661,10.36758998,1.723546374,-1.633548615,1.777256192,-1.581963576,4.782286214,1.070594835,2.783540828,79.09616281,4.828427125,3.308640753,3.308640753,2.914213562,1.654320377,1.654320377,0.816227766,0.816227766,0.348606798,0.348606798,0.111803399,0.111803399,-1.02,20.98630086,4.98,3.98,2.98,36.61923673,0,0,0,0,0,0,0,0,10.52378311,0,0,0,12.84164325,12.13844263,0,0,10.52378311,0,0,12.84164325,0,0,0,12.13844263,0,0,0,0,0,0,22.66222574,12.84164325,0,0,0,0,47.58,0,0,0,0,12.84164325,0,0,0,12.13844263,0,10.52378311,0,0,0,15.5925,0,0,3.692222222,0.715277778,0,0,0.5,6,0,2,0,0,0,0,0,0,2,0,2,1,0,0,0,0,0.81376,20.46,0,0,0,0,0,0,0,0,0,0,0,0,0,0,0,2,0,0,0,0,0,0,0,0,0,0,0,0,0,0,0,0,0,0,0,0,0,0,0,0,0,0,0,0,0,0,0,0,0,0,0,0,0,0,0,0,0,2,0,0,0,0,0,0,0,0,0,0,0,0,0,0,0,0,0,0,0,0,0,0,0,0,0,1,0
320,COCCOCCOCCOCCOC,5.262430556,0.594595301,5.262430556,0.594595301,0.445245331,222.281,200.105,222.1467238,92,0,0.070114395,-0.382297726,0.382297726,0.070114395,0.466666667,0.733333333,1,16.55638372,10.66545131,1.906055386,-2.056608704,1.814690145,-2.120302557,4.337016174,-0.003798443,2.807925739,97.98587018,11.19238816,9.698095702,9.698095702,7.414213562,5.125897658,5.125897658,2.822715867,2.822715867,1.607607028,1.607607028,0.826406275,0.826406275,-0.2,2230.017479,14.8,13.8,13.8,91.5914562,23.68431477,0,0,0,0,0,0,0,0,0,0,0,14.21959508,52.85505572,23.68431477,0,0,0,0,0,67.0746508,0,0,0,0,0,0,0,67.0746508,23.68431477,0,0,0,0,0,0,46.15,0,0,0,0,52.85505572,0,0,14.21959508,0,0,23.68431477,25.33268668,0,0,0,0,0,0,0,4.867283492,3.300029824,1,15,0,5,0,0,0,0,0,0,5,0,5,12,0,0,0,0,0.329,56.209,0,0,0,0,0,0,0,0,0,0,0,0,0,0,0,0,0,0,0,0,0,0,0,0,0,0,0,0,0,0,0,0,0,0,0,0,0,0,0,0,0,5,0,0,0,0,0,0,0,0,0,0,0,0,0,2,0,0,0,0,0,0,0,0,0,0,0,0,0,0,0,0,0,0,0,0,0,0,0,0,0,0,0,10,0
321,FCC(F)(F)F,10.40972222,-4.625,10.40972222,2.229166667,0.406537941,102.03,100.014,102.0092629,38,0,0.416300899,-0.241126556,0.416300899,0.241126556,1.166666667,1.333333333,1.333333333,19.41691596,10.76132797,2.255985842,-1.933759098,2.128903141,-2.079896723,4.394467686,-0.141779236,3.168489873,35.30296891,5.207106781,2.718964673,2.718964673,2.560660172,1.187761342,1.187761342,0.748808198,0.748808198,0.151522882,0.151522882,0,0,-0.28,12.16479704,5.72,1.446403061,3.72,31.76633475,0,0,6.674590972,0,0,6.176298517,0,4.390415048,13.17124514,0,0,0,0,0,17.56166019,0,0,0,0,6.176298517,6.674590972,0,0,0,0,17.56166019,0,0,12.85088949,0,0,0,0,0,0,0,0,12.85088949,17.56166019,0,0,0,0,0,0,0,0,0,41.60416667,0,0,0,0,0,0,-4.625,-2.229166667,0,1,6,0,0,0,0,0,0,0,0,0,0,4,0,0,0,0,0,1.5182,12.03,0,0,0,0,0,0,0,0,0,0,0,0,0,0,0,0,0,0,0,0,0,0,0,0,0,4,0,0,0,0,0,0,0,0,0,0,0,0,0,0,0,0,0,0,4,0,0,0,0,0,0,0,0,0,0,0,0,0,0,0,0,0,0,0,0,0,0,0,0,0,0,0,0,0,0,0,0,0,0,0,0,0,0,0,0
322,FC(F)=C(F)F,10.28703704,-2.907407407,10.28703704,2.907407407,0.408111254,100.014,100.014,99.99361288,36,0,0.33445026,-0.16722513,0.33445026,0.16722513,0.666666667,0.833333333,0.833333333,19.30523022,11.05264537,1.977327602,-1.686932989,2.075247888,-1.560328641,4.76808478,0.307943791,3.675948765,55.61727061,5.154700538,2.511857892,2.511857892,2.64273441,1.005928946,1.005928946,0.520821616,0.520821616,0.142857143,0.142857143,0,0,-0.54,13.60964047,5.46,1.791025507,1.749017341,31.07673172,0,0,0,0,0,12.16128646,0,0,17.56166019,0,0,0,0,0,17.56166019,0,0,0,0,0,0,12.16128646,0,0,0,17.56166019,0,0,0,0,0,0,12.16128646,0,0,0,0,12.16128646,17.56166019,0,0,0,0,0,0,0,0,0,41.14814815,0,0,0,0,0,0,-5.814814815,0,0,0,6,0,0,0,0,0,0,0,0,0,0,4,0,0,0,0,0,1.991,11.458,0,0,0,0,0,0,0,0,0,0,0,0,0,0,0,0,0,0,0,0,0,0,0,0,0,0,0,0,0,0,0,0,0,0,0,0,0,0,0,0,0,0,0,0,4,0,0,0,0,0,0,0,0,0,0,0,0,0,0,0,0,0,0,0,0,0,0,0,0,0,0,0,0,0,0,0,0,0,0,0,0,0,0,0,0
324,OCC(F)(F)C(F)F,11.27546296,-4.236111111,11.27546296,1.800925926,0.552672382,132.056,128.024,132.0198276,50,0,0.329387072,-0.389874901,0.389874901,0.329387072,1.375,1.75,1.75,19.32241175,10.37883835,2.390372094,-2.091196132,2.203221942,-2.299245723,4.650350648,-0.152925948,3.708324167,71.6836744,6.78445705,3.743528538,3.743528538,3.504035845,1.772856545,1.772856545,1.219842232,1.219842232,0.530070524,0.530070524,0.069006556,0.069006556,-0.32,38.33669273,7.68,2.299971313,1.651203466,42.92551062,5.106527395,6.606881965,0,0,0,12.34797391,0,8.780830095,8.780830095,0,0,0,0,0,22.66818759,0,0,0,0,12.34797391,6.606881965,0,0,0,0,17.56166019,0,0,24.06138327,0,0,0,0,0,0,0,20.23,18.95485588,17.56166019,0,0,0,0,0,0,0,0,5.106527395,44.35675926,0,0,7.534444444,0,-4.236111111,0,-3.770833333,-1.800925926,0,1,8,1,1,0,0,0,0,0,0,1,1,5,2,0,0,0,0,0.8791,18.0368,0,1,1,0,0,0,0,0,0,0,0,0,0,0,0,0,0,0,0,0,0,0,0,0,0,4,0,0,0,0,0,0,0,0,0,0,0,0,0,0,0,0,0,0,4,0,0,0,0,0,0,0,0,0,0,0,0,0,0,0,0,0,0,0,0,0,0,0,0,0,0,0,0,0,0,0,0,0,0,0,0,0,0,0,0
335,FC(Cl)(Cl)Cl,10.9837963,-2.583333333,10.9837963,2.583333333,0.449425167,137.368,137.368,135.9049613,32,0,0.333265288,-0.189169342,0.333265288,0.189169342,1.2,1.2,1.2,35.5826137,11.74659323,2.137867578,-1.88537814,2.257291319,-1.83492849,6.656335704,0.507261881,3.023715784,22.36452798,4.5,2.011857892,4.27964473,2,0.755928946,1.889822365,0.428571429,2.571428571,0,0,0,0,0.8,3.609640474,5.8,1.498961938,58.8,43.81458511,0,0,0,0,0,4.046305285,0,0,4.390415048,0,0,34.80281967,0,0,4.390415048,34.80281967,0,0,0,4.046305285,0,0,0,0,0,4.390415048,0,34.80281967,4.046305285,0,0,0,0,0,0,0,0,4.046305285,4.390415048,0,0,0,0,0,0,0,34.80281967,0,8.400462963,13.18287037,0,0,0,0,0,0,0,0,1,5,0,0,0,0,0,0,0,0,0,0,4,0,0,0,0,0,2.2836,21.398,0,0,0,0,0,0,0,0,0,0,0,0,0,0,0,0,0,0,0,0,0,0,0,0,0,4,0,0,0,0,0,0,0,0,0,0,0,0,0,0,0,0,0,0,4,0,0,0,0,0,0,0,0,0,0,0,0,0,0,0,0,0,0,0,0,0,0,0,0,0,0,0,0,0,0,0,0,0,0,0,0,0,0,0,0
339,COCCOCCOCCOC,5.1634375,0.618129252,5.1634375,0.618129252,0.476181702,178.228,160.084,178.1205091,74,0,0.070114392,-0.382297726,0.382297726,0.070114392,0.583333333,0.916666667,1.25,16.54848729,10.67966781,1.883313516,-2.038225978,1.792698935,-2.100526137,4.316125829,0.01060465,2.727242813,67.45811191,9.071067812,7.875633849,7.875633849,5.914213562,4.048547388,4.048547388,2.210343431,2.210343431,1.23559856,1.23559856,0.606493072,0.606493072,-0.16,488.925094,11.84,10.84,9.84,73.74802675,18.94745182,0,0,0,0,0,0,0,0,0,0,0,14.21959508,39.64129179,18.94745182,0,0,0,0,0,53.86088687,0,0,0,0,0,0,0,53.86088687,18.94745182,0,0,0,0,0,0,36.92,0,0,0,0,39.64129179,0,0,14.21959508,0,0,18.94745182,19.92910666,0,0,0,0,0,0,0,3.768418997,3.302474343,1,12,0,4,0,0,0,0,0,0,4,0,4,9,0,0,0,0,0.3124,45.39,0,0,0,0,0,0,0,0,0,0,0,0,0,0,0,0,0,0,0,0,0,0,0,0,0,0,0,0,0,0,0,0,0,0,0,0,0,0,0,0,0,4,0,0,0,0,0,0,0,0,0,0,0,0,0,2,0,0,0,0,0,0,0,0,0,0,0,0,0,0,0,0,0,0,0,0,0,0,0,0,0,0,0,7,0
341,FC(F)F,9.666666667,-3.666666667,9.666666667,3.666666667,0.401096477,70.013,69.005,70.00303469,26,0,0.378625158,-0.174223846,0.378625158,0.174223846,1,1,1,19.40569618,11.60530382,1.857013262,-1.65061195,1.868770532,-1.651670532,3.832804957,0.008195043,2.323790008,8,3.577350269,1.711243688,1.711243688,1.732050808,0.654653671,0.654653671,0.24743583,0.24743583,0,0,0,0,-0.21,3.245112498,3.79,1.148422939,25.33195011,21.23585724,0,0,0,0,0,6.679214094,0,0,13.17124514,0,0,0,0,0,13.17124514,0,0,0,0,6.679214094,0,0,0,0,0,13.17124514,0,0,6.679214094,0,0,0,0,0,0,0,0,6.679214094,13.17124514,0,0,0,0,0,0,0,0,0,29,0,0,0,0,0,0,0,-3.666666667,0,1,4,0,0,0,0,0,0,0,0,0,0,3,0,0,0,0,0,1.1785,7.112,0,0,0,0,0,0,0,0,0,0,0,0,0,0,0,0,0,0,0,0,0,0,0,0,0,3,0,0,0,0,0,0,0,0,0,0,0,0,0,0,0,0,0,0,3,0,0,0,0,0,0,0,0,0,0,0,0,0,0,0,0,0,0,0,0,0,0,0,0,0,0,0,0,0,0,0,0,0,0,0,0,0,0,0,0
342,CC(O)C(F)(F)F,10.92824074,-4.444444444,10.92824074,0.680555556,0.496272829,114.066,109.026,114.0292494,44,0,0.413565443,-0.383972896,0.413565443,0.383972896,1.428571429,1.571428571,1.571428571,19.41345474,10.41009884,2.333975085,-2.061081574,2.179598425,-2.238685116,4.549657502,-0.197017185,3.541196965,55.69058447,6.077350269,3.658457284,3.658457284,2.943375673,1.691171003,1.691171003,1.217586019,1.217586019,0.473711846,0.473711846,0,0,-0.25,17.08616633,6.75,1.694489796,2.445652174,38.75997522,5.106527395,6.103966388,0,0,0,6.176298517,0,0,13.17124514,0,0,6.9237372,0,0,18.27777254,0,0,0,0,19.2040021,0,0,0,0,0,13.17124514,0,0,17.3867923,0,0,6.9237372,0,0,0,0,20.23,12.28026491,13.17124514,0,0,6.9237372,0,0,0,0,0,5.106527395,32.78472222,0,0,7.763888889,0,0,0,-6.645833333,0.680555556,0,1,7,1,1,0,0,0,0,0,0,1,1,4,0,0,0,0,0,0.9295,17.7358,0,1,1,0,0,0,0,0,0,0,0,0,0,0,0,0,0,0,0,0,0,0,0,0,0,3,0,0,0,0,0,0,0,0,0,0,0,0,0,0,0,0,0,0,3,0,0,0,0,0,0,0,0,0,0,0,0,0,0,0,0,0,0,0,0,0,0,0,0,0,0,0,0,0,0,0,0,0,0,0,0,0,0,0,0